,level_0,index,path,variant,food,sex,other_labels,source,predicted,chewing_score,swallow_score,biting_score
0,1521,1309,datasets/food_intake_dataset/cookie/wy/1_4.wav,chewing,cookie,female,,food_intake_dataset,chewing,0.8595426678657532,0.034858036786317825,0.10559923946857452
1,1522,1196,datasets/food_intake_dataset/cookie/cy/4_28.wav,chewing,cookie,female,,food_intake_dataset,chewing,0.9997785687446594,0.0001144763664342463,0.0001068864221451804
2,1523,1681,datasets/food_intake_dataset/patato_chips/cy/3_8.wav,chewing,patato_chips,female,,food_intake_dataset,chewing,0.9075229167938232,0.023740913718938828,0.0687362402677536
3,1524,1910,datasets/food_intake_dataset/patato_chips/wy/2_10.wav,chewing,patato_chips,female,,food_intake_dataset,chewing,0.9976383447647095,0.0014540392439812422,0.0009076372953131795
4,1525,1299,datasets/food_intake_dataset/cookie/lh/4_23.wav,chewing,cookie,male,,food_intake_dataset,chewing,0.7702891230583191,0.22667698562145233,0.0030339527875185013
5,1526,423,datasets/food_intake_dataset/apple/lh/1_16.wav,chewing,apple,male,,food_intake_dataset,chewing,0.9482343196868896,0.017913946881890297,0.03385166451334953
6,1527,2487,datasets/food_intake_dataset/water/wy/2_18.wav,chewing,water,female,,food_intake_dataset,chewing,0.9967426657676697,0.0020235374104231596,0.0012337795924395323
7,1528,987,datasets/food_intake_dataset/cookie/by/1_6.wav,chewing,cookie,male,,food_intake_dataset,chewing,0.9984015822410583,0.001066069700755179,0.0005323444493114948
8,1529,773,datasets/food_intake_dataset/carrot/gy/1_29.wav,chewing,carrot,male,,food_intake_dataset,chewing,0.9436203241348267,0.00854828767478466,0.04783138632774353
9,1530,899,datasets/food_intake_dataset/carrot/lh/2_18.wav,chewing,carrot,male,,food_intake_dataset,chewing,0.9736430644989014,0.003370553022250533,0.02298632077872753
10,1531,1414,datasets/food_intake_dataset/patato_chips/by/1_5.wav,chewing,patato_chips,male,,food_intake_dataset,chewing,0.9992252588272095,0.0006608529365621507,0.00011389808059902862
11,1532,1506,datasets/food_intake_dataset/patato_chips/by/3_8.wav,chewing,patato_chips,male,,food_intake_dataset,chewing,0.9886168837547302,0.0058096228167414665,0.005573417525738478
12,1533,1096,datasets/food_intake_dataset/cookie/by/4_45.wav,chewing,cookie,male,,food_intake_dataset,chewing,0.979322612285614,0.0056913262233138084,0.014986149966716766
13,1534,1852,datasets/food_intake_dataset/patato_chips/lh/4_12.wav,chewing,patato_chips,male,,food_intake_dataset,chewing,0.9958842396736145,0.0036180277820676565,0.0004977075732313097
14,1535,752,datasets/food_intake_dataset/carrot/gy/1_8.wav,chewing,carrot,male,,food_intake_dataset,chewing,0.9404672980308533,0.012888321653008461,0.04664435610175133
15,1536,1341,datasets/food_intake_dataset/cookie/wy/2_13.wav,chewing,cookie,female,,food_intake_dataset,chewing,0.9932937622070312,0.0026434154715389013,0.004062920343130827
16,1537,1319,datasets/food_intake_dataset/cookie/wy/1_14.wav,chewing,cookie,female,,food_intake_dataset,chewing,0.9110558032989502,0.021933328360319138,0.06701088696718216
17,1538,999,datasets/food_intake_dataset/cookie/by/1_18.wav,chewing,cookie,male,,food_intake_dataset,chewing,0.9927712082862854,0.0006555183790624142,0.0065733036026358604
18,1539,2005,datasets/food_intake_dataset/walnut/by/3_11.wav,chewing,walnut,male,,food_intake_dataset,chewing,0.8606917262077332,0.07957789301872253,0.05973038077354431
19,1540,828,datasets/food_intake_dataset/carrot/gy/3_13.wav,chewing,carrot,male,,food_intake_dataset,chewing,0.9921573400497437,0.002426363993436098,0.005416268948465586
20,1541,2073,datasets/food_intake_dataset/walnut/cy/3_2.wav,chewing,walnut,female,,food_intake_dataset,chewing,0.9976297616958618,0.0009087459766305983,0.0014614504761993885
21,1542,1895,datasets/food_intake_dataset/patato_chips/wy/1_11.wav,chewing,patato_chips,female,,food_intake_dataset,chewing,0.9895093441009521,0.0027742807287722826,0.007716395892202854
22,1543,1212,datasets/food_intake_dataset/cookie/lh/1_7.wav,chewing,cookie,male,,food_intake_dataset,chewing,0.9601760506629944,0.009556776843965054,0.03026713617146015
23,1544,2158,datasets/food_intake_dataset/walnut/gy/3_14.wav,chewing,walnut,male,,food_intake_dataset,chewing,0.9547073841094971,0.023006044328212738,0.02228664793074131
24,1545,1350,datasets/food_intake_dataset/cookie/wy/2_22.wav,chewing,cookie,female,,food_intake_dataset,chewing,0.9979321956634521,0.0008275495492853224,0.001240282435901463
25,1546,988,datasets/food_intake_dataset/cookie/by/1_7.wav,chewing,cookie,male,,food_intake_dataset,chewing,0.9331748485565186,0.04597204551100731,0.020853154361248016
26,1547,293,datasets/food_intake_dataset/apple/by/3_35.wav,chewing,apple,male,,food_intake_dataset,chewing,0.824581503868103,0.07995773106813431,0.09546070545911789
27,1548,1722,datasets/food_intake_dataset/patato_chips/cy/5_11.wav,chewing,patato_chips,female,,food_intake_dataset,chewing,0.9926167130470276,0.002354994649067521,0.005028264131397009
28,1549,938,datasets/food_intake_dataset/carrot/lh/3_2.wav,chewing,carrot,male,,food_intake_dataset,chewing,0.9985686540603638,0.001338303554803133,9.29288798943162e-05
29,1550,2312,datasets/food_intake_dataset/walnut/lh/3_17.wav,chewing,walnut,male,,food_intake_dataset,chewing,0.84246826171875,0.09808514267206192,0.059446632862091064
30,1551,1281,datasets/food_intake_dataset/cookie/lh/4_5.wav,chewing,cookie,male,,food_intake_dataset,chewing,0.9952143430709839,0.0036689937114715576,0.0011166819604113698
31,1552,1855,datasets/food_intake_dataset/patato_chips/lh/4_15.wav,chewing,patato_chips,male,,food_intake_dataset,swallow,0.3419667184352875,0.3820212781429291,0.2760120630264282
32,1553,2041,datasets/food_intake_dataset/walnut/cy/1_5.wav,chewing,walnut,female,,food_intake_dataset,chewing,0.9988861680030823,0.00018417902174405754,0.0009296512580476701
33,1554,296,datasets/food_intake_dataset/apple/by/3_38.wav,chewing,apple,male,,food_intake_dataset,chewing,0.6048729419708252,0.3887096047401428,0.006417443510144949
34,1555,852,datasets/food_intake_dataset/carrot/lh/1_3.wav,chewing,carrot,male,,food_intake_dataset,chewing,0.928584098815918,0.028017420321702957,0.0433984100818634
35,1556,2288,datasets/food_intake_dataset/walnut/lh/2_25.wav,chewing,walnut,male,,food_intake_dataset,swallow,0.3829494118690491,0.39090532064437866,0.22614522278308868
36,1557,2235,datasets/food_intake_dataset/walnut/gy/5_32.wav,chewing,walnut,male,,food_intake_dataset,chewing,0.7636258006095886,0.13734984397888184,0.09902442991733551
37,1558,2439,datasets/food_intake_dataset/water/lh/2_2.wav,chewing,water,male,,food_intake_dataset,chewing,0.9355581998825073,0.0422736294567585,0.022168124094605446
38,1559,555,datasets/food_intake_dataset/carrot/by/2_19.wav,chewing,carrot,male,,food_intake_dataset,chewing,0.9886566996574402,0.0036953759845346212,0.0076478635892271996
39,1560,448,datasets/food_intake_dataset/apple/lh/2_9.wav,chewing,apple,male,,food_intake_dataset,swallow,0.48429492115974426,0.49999356269836426,0.015711501240730286
40,1561,851,datasets/food_intake_dataset/carrot/lh/1_2.wav,chewing,carrot,male,,food_intake_dataset,chewing,0.9894271492958069,0.008150288835167885,0.0024225227534770966
41,1562,1135,datasets/food_intake_dataset/cookie/cy/2_23.wav,chewing,cookie,female,,food_intake_dataset,chewing,0.9916328191757202,0.0015001657884567976,0.0068670776672661304
42,1563,1021,datasets/food_intake_dataset/cookie/by/2_16.wav,chewing,cookie,male,,food_intake_dataset,chewing,0.9991156458854675,0.0008639807929284871,2.03525760298362e-05
43,1564,1066,datasets/food_intake_dataset/cookie/by/4_15.wav,chewing,cookie,male,,food_intake_dataset,chewing,0.8284434676170349,0.02897016890347004,0.1425863355398178
44,1565,223,datasets/food_intake_dataset/apple/by/2_11.wav,chewing,apple,male,,food_intake_dataset,chewing,0.9599877595901489,0.01652107760310173,0.02349124290049076
45,1566,1083,datasets/food_intake_dataset/cookie/by/4_32.wav,chewing,cookie,male,,food_intake_dataset,chewing,0.954133927822113,0.02115483395755291,0.024711327627301216
46,1567,1191,datasets/food_intake_dataset/cookie/cy/4_23.wav,chewing,cookie,female,,food_intake_dataset,chewing,0.9961192607879639,0.0016128976130858064,0.0022678724490106106
47,1568,1076,datasets/food_intake_dataset/cookie/by/4_25.wav,chewing,cookie,male,,food_intake_dataset,chewing,0.8795992732048035,0.058543138206005096,0.061857618391513824
48,1569,971,datasets/food_intake_dataset/carrot/lh/3_46.wav,chewing,carrot,male,,food_intake_dataset,chewing,0.9941082000732422,0.0012109786039218307,0.004680782090872526
49,1570,1421,datasets/food_intake_dataset/patato_chips/by/1_12.wav,chewing,patato_chips,male,,food_intake_dataset,chewing,0.9593468904495239,0.016606921330094337,0.024046162143349648
50,1571,1326,datasets/food_intake_dataset/cookie/wy/1_21.wav,chewing,cookie,female,,food_intake_dataset,chewing,0.7512228488922119,0.059947047382593155,0.18883006274700165
51,1572,181,datasets/food_intake_dataset/apple/by/1_5.wav,chewing,apple,male,,food_intake_dataset,chewing,0.9770193696022034,0.010630886070430279,0.012349815107882023
52,1573,2447,datasets/food_intake_dataset/water/lh/3_5.wav,chewing,water,male,,food_intake_dataset,chewing,0.9971758127212524,0.0027992408722639084,2.5009878299897537e-05
53,1574,1203,datasets/food_intake_dataset/cookie/cy/4_35.wav,chewing,cookie,female,,food_intake_dataset,chewing,0.9993720650672913,0.0003907232894562185,0.0002372443414060399
54,1575,1822,datasets/food_intake_dataset/patato_chips/lh/3_37.wav,chewing,patato_chips,male,,food_intake_dataset,chewing,0.7845529317855835,0.034150443971157074,0.18129658699035645
55,1576,442,datasets/food_intake_dataset/apple/lh/2_3.wav,chewing,apple,male,,food_intake_dataset,chewing,0.9384204745292664,0.013873154297471046,0.04770641773939133
56,1577,2188,datasets/food_intake_dataset/walnut/gy/4_13.wav,chewing,walnut,male,,food_intake_dataset,chewing,0.9888529777526855,0.004330488387495279,0.006816597655415535
57,1578,806,datasets/food_intake_dataset/carrot/gy/2_9.wav,chewing,carrot,male,,food_intake_dataset,chewing,0.5479009747505188,0.4346931278705597,0.017405904829502106
58,1579,630,datasets/food_intake_dataset/carrot/by/4_57.wav,chewing,carrot,male,,food_intake_dataset,chewing,0.9906238913536072,0.0021441741846501827,0.007231979165226221
59,1580,1202,datasets/food_intake_dataset/cookie/cy/4_34.wav,chewing,cookie,female,,food_intake_dataset,chewing,0.9999490976333618,3.6151017411611974e-05,1.4727334928466007e-05
60,1581,1277,datasets/food_intake_dataset/cookie/lh/4_1.wav,chewing,cookie,male,,food_intake_dataset,chewing,0.7534427046775818,0.22727318108081818,0.019284136593341827
61,1582,1036,datasets/food_intake_dataset/cookie/by/3_7.wav,chewing,cookie,male,,food_intake_dataset,chewing,0.9481650590896606,0.008584410883486271,0.04325048625469208
62,1583,877,datasets/food_intake_dataset/carrot/lh/1_28.wav,chewing,carrot,male,,food_intake_dataset,chewing,0.9991623163223267,0.00031919722096063197,0.000518444343470037
63,1584,1946,datasets/food_intake_dataset/patato_chips/wy/4_12.wav,chewing,patato_chips,female,,food_intake_dataset,chewing,0.9997990727424622,0.0001692203659331426,3.171461503370665e-05
64,1585,487,datasets/food_intake_dataset/apple/lh/3_11.wav,chewing,apple,male,,food_intake_dataset,chewing,0.9901026487350464,0.002381593454629183,0.007515799254179001
65,1586,1582,datasets/food_intake_dataset/patato_chips/by/4_17.wav,chewing,patato_chips,male,,food_intake_dataset,chewing,0.9611303210258484,0.02467680722475052,0.014192810282111168
66,1587,2174,datasets/food_intake_dataset/walnut/gy/3_30.wav,chewing,walnut,male,,food_intake_dataset,chewing,0.9997009038925171,0.0002736275491770357,2.546045470808167e-05
67,1588,498,datasets/food_intake_dataset/apple/lh/3_22.wav,chewing,apple,male,,food_intake_dataset,chewing,0.9462471604347229,0.03178487718105316,0.021967940032482147
68,1589,326,datasets/food_intake_dataset/apple/cy/1_21.wav,chewing,apple,female,,food_intake_dataset,chewing,0.998479425907135,0.00042276803287677467,0.0010977592319250107
69,1590,1348,datasets/food_intake_dataset/cookie/wy/2_20.wav,chewing,cookie,female,,food_intake_dataset,chewing,0.9922695159912109,0.007454806938767433,0.00027563038747757673
70,1591,1415,datasets/food_intake_dataset/patato_chips/by/1_6.wav,chewing,patato_chips,male,,food_intake_dataset,chewing,0.9581619501113892,0.011642211116850376,0.030195889994502068
71,1592,767,datasets/food_intake_dataset/carrot/gy/1_23.wav,chewing,carrot,male,,food_intake_dataset,chewing,0.9870080351829529,0.0017904093256220222,0.011201510205864906
72,1593,1952,datasets/food_intake_dataset/patato_chips/wy/5_3.wav,chewing,patato_chips,female,,food_intake_dataset,chewing,0.9917682409286499,0.006160595919936895,0.0020710998214781284
73,1594,1919,datasets/food_intake_dataset/patato_chips/wy/3_3.wav,chewing,patato_chips,female,,food_intake_dataset,chewing,0.9933439493179321,0.00462564080953598,0.0020303181372582912
74,1595,2167,datasets/food_intake_dataset/walnut/gy/3_23.wav,chewing,walnut,male,,food_intake_dataset,chewing,0.9437429308891296,0.020176609978079796,0.0360804907977581
75,1596,923,datasets/food_intake_dataset/carrot/lh/2_42.wav,chewing,carrot,male,,food_intake_dataset,chewing,0.978118896484375,0.0013864977518096566,0.020494583994150162
76,1597,2054,datasets/food_intake_dataset/walnut/cy/2_1.wav,chewing,walnut,female,,food_intake_dataset,chewing,0.9979130625724792,0.00023035291815176606,0.0018566048238426447
77,1598,1032,datasets/food_intake_dataset/cookie/by/3_3.wav,chewing,cookie,male,,food_intake_dataset,chewing,0.9482702016830444,0.014040276408195496,0.03768955543637276
78,1599,1594,datasets/food_intake_dataset/patato_chips/by/4_31.wav,chewing,patato_chips,male,,food_intake_dataset,chewing,0.9257917404174805,0.06062130630016327,0.013587015680968761
79,1600,1315,datasets/food_intake_dataset/cookie/wy/1_10.wav,chewing,cookie,female,,food_intake_dataset,chewing,0.9060437679290771,0.024424338713288307,0.0695318654179573
80,1601,1366,datasets/food_intake_dataset/cookie/wy/3_15.wav,chewing,cookie,female,,food_intake_dataset,chewing,0.997352123260498,0.0021117394790053368,0.0005360656650736928
81,1602,1171,datasets/food_intake_dataset/cookie/cy/4_3.wav,chewing,cookie,female,,food_intake_dataset,chewing,0.9995555281639099,0.00021921968436799943,0.00022514718875754625
82,1603,586,datasets/food_intake_dataset/carrot/by/4_12.wav,chewing,carrot,male,,food_intake_dataset,chewing,0.970760703086853,0.008630567230284214,0.020608743652701378
83,1604,703,datasets/food_intake_dataset/carrot/cy/2_34.wav,chewing,carrot,female,,food_intake_dataset,chewing,0.9951468110084534,0.0027272040024399757,0.0021259791683405638
84,1605,506,datasets/food_intake_dataset/carrot/by/1_4.wav,chewing,carrot,male,,food_intake_dataset,chewing,0.8596254587173462,0.08702611923217773,0.053348395973443985
85,1606,196,datasets/food_intake_dataset/apple/by/1_20.wav,chewing,apple,male,,food_intake_dataset,chewing,0.8916496634483337,0.051050130277872086,0.05730012431740761
86,1607,880,datasets/food_intake_dataset/carrot/lh/1_31.wav,chewing,carrot,male,,food_intake_dataset,chewing,0.9904934763908386,0.002808936173096299,0.006697656121104956
87,1608,2079,datasets/food_intake_dataset/walnut/cy/3_8.wav,chewing,walnut,female,,food_intake_dataset,chewing,0.9513009786605835,0.01751578412950039,0.03118322044610977
88,1609,1102,datasets/food_intake_dataset/cookie/cy/1_5.wav,chewing,cookie,female,,food_intake_dataset,chewing,0.9976862668991089,0.0009873834205791354,0.0013263769214972854
89,1610,2365,datasets/food_intake_dataset/water/by/3_3.wav,chewing,water,male,,food_intake_dataset,chewing,0.9407152533531189,0.04645673185586929,0.012828068807721138
90,1611,1026,datasets/food_intake_dataset/cookie/by/2_21.wav,chewing,cookie,male,,food_intake_dataset,chewing,0.6782530546188354,0.1173303946852684,0.20441649854183197
91,1612,717,datasets/food_intake_dataset/carrot/cy/2_48.wav,chewing,carrot,female,,food_intake_dataset,chewing,0.9893665909767151,0.0051485151052474976,0.005484819412231445
92,1613,594,datasets/food_intake_dataset/carrot/by/4_20.wav,chewing,carrot,male,,food_intake_dataset,chewing,0.9652143120765686,0.013989820145070553,0.020795835182070732
93,1614,1120,datasets/food_intake_dataset/cookie/cy/2_8.wav,chewing,cookie,female,,food_intake_dataset,chewing,0.9977290034294128,0.0007452372228726745,0.0015257901977747679
94,1615,2072,datasets/food_intake_dataset/walnut/cy/3_1.wav,chewing,walnut,female,,food_intake_dataset,chewing,0.99140864610672,0.004697743337601423,0.003893663175404072
95,1616,730,datasets/food_intake_dataset/carrot/cy/3_9.wav,chewing,carrot,female,,food_intake_dataset,chewing,0.9997499585151672,9.916973067447543e-05,0.0001508528075646609
96,1617,956,datasets/food_intake_dataset/carrot/lh/3_20.wav,chewing,carrot,male,,food_intake_dataset,chewing,0.9754889607429504,0.006657539866864681,0.01785343512892723
97,1618,1936,datasets/food_intake_dataset/patato_chips/wy/4_2.wav,chewing,patato_chips,female,,food_intake_dataset,chewing,0.9522864818572998,0.0394718162715435,0.008241627365350723
98,1619,2438,datasets/food_intake_dataset/water/lh/2_1.wav,chewing,water,male,,food_intake_dataset,chewing,0.8865153193473816,0.10660925507545471,0.006875375751405954
99,1620,1262,datasets/food_intake_dataset/cookie/lh/3_17.wav,chewing,cookie,male,,food_intake_dataset,chewing,0.9363143444061279,0.022196782752871513,0.04148884862661362
100,1621,1399,datasets/food_intake_dataset/cookie/wy/5_9.wav,chewing,cookie,female,,food_intake_dataset,chewing,0.884844183921814,0.0710766538977623,0.04407907649874687
101,1622,422,datasets/food_intake_dataset/apple/lh/1_15.wav,chewing,apple,male,,food_intake_dataset,chewing,0.9861404895782471,0.005091133993119001,0.008768362924456596
102,1623,2065,datasets/food_intake_dataset/walnut/cy/2_12.wav,chewing,walnut,female,,food_intake_dataset,chewing,0.9999991655349731,1.797084792087844e-07,6.229193445506098e-07
103,1624,1633,datasets/food_intake_dataset/patato_chips/cy/1_3.wav,chewing,patato_chips,female,,food_intake_dataset,chewing,0.9848023056983948,0.0059102363884449005,0.009287484921514988
104,1625,1327,datasets/food_intake_dataset/cookie/wy/1_22.wav,chewing,cookie,female,,food_intake_dataset,chewing,0.941400945186615,0.01973670721054077,0.038862429559230804
105,1626,982,datasets/food_intake_dataset/cookie/by/1_1.wav,chewing,cookie,male,,food_intake_dataset,chewing,0.936693549156189,0.0065672569908201694,0.0567392073571682
106,1627,1626,datasets/food_intake_dataset/patato_chips/by/4_63.wav,chewing,patato_chips,male,,food_intake_dataset,chewing,0.9825432896614075,0.006053261924535036,0.01140337623655796
107,1628,680,datasets/food_intake_dataset/carrot/cy/2_10.wav,chewing,carrot,female,,food_intake_dataset,chewing,0.9874305725097656,0.009743832983076572,0.002825492760166526
108,1629,331,datasets/food_intake_dataset/apple/cy/1_26.wav,chewing,apple,female,,food_intake_dataset,chewing,0.9764832258224487,0.005733759608119726,0.01778300292789936
109,1630,1893,datasets/food_intake_dataset/patato_chips/wy/1_9.wav,chewing,patato_chips,female,,food_intake_dataset,chewing,0.9665027856826782,0.016191093251109123,0.017306160181760788
110,1631,1161,datasets/food_intake_dataset/cookie/cy/3_25.wav,chewing,cookie,female,,food_intake_dataset,chewing,0.9999979734420776,9.664777280704584e-07,1.0229400686512236e-06
111,1632,1917,datasets/food_intake_dataset/patato_chips/wy/3_1.wav,chewing,patato_chips,female,,food_intake_dataset,chewing,0.984015703201294,0.005677621811628342,0.010306702926754951
112,1633,1052,datasets/food_intake_dataset/cookie/by/4_1.wav,chewing,cookie,male,,food_intake_dataset,chewing,0.9614303708076477,0.03203460946679115,0.006535079330205917
113,1634,1522,datasets/food_intake_dataset/patato_chips/by/3_24.wav,chewing,patato_chips,male,,food_intake_dataset,chewing,0.6675252914428711,0.1696898341178894,0.16278484463691711
114,1635,819,datasets/food_intake_dataset/carrot/gy/3_4.wav,chewing,carrot,male,,food_intake_dataset,chewing,0.7386646866798401,0.24734929203987122,0.013985998928546906
115,1636,2046,datasets/food_intake_dataset/walnut/cy/1_10.wav,chewing,walnut,female,,food_intake_dataset,chewing,0.6219799518585205,0.15732403099536896,0.22069603204727173
116,1637,2180,datasets/food_intake_dataset/walnut/gy/4_5.wav,chewing,walnut,male,,food_intake_dataset,chewing,0.7898898124694824,0.1550387293100357,0.0550713948905468
117,1638,758,datasets/food_intake_dataset/carrot/gy/1_14.wav,chewing,carrot,male,,food_intake_dataset,chewing,0.7701480984687805,0.08120588213205338,0.14864598214626312
118,1639,1989,datasets/food_intake_dataset/walnut/by/2_4.wav,chewing,walnut,male,,food_intake_dataset,chewing,0.5484920144081116,0.4501616358757019,0.0013463960494846106
119,1640,2047,datasets/food_intake_dataset/walnut/cy/1_11.wav,chewing,walnut,female,,food_intake_dataset,chewing,0.9349778294563293,0.012910989113152027,0.0521111860871315
120,1641,194,datasets/food_intake_dataset/apple/by/1_18.wav,chewing,apple,male,,food_intake_dataset,chewing,0.9645326733589172,0.018079590052366257,0.01738777570426464
121,1642,304,datasets/food_intake_dataset/apple/by/3_46.wav,chewing,apple,male,,food_intake_dataset,chewing,0.9445620179176331,0.01259519811719656,0.04284283146262169
122,1643,1562,datasets/food_intake_dataset/patato_chips/by/3_64.wav,chewing,patato_chips,male,,food_intake_dataset,chewing,0.8494118452072144,0.08110162615776062,0.0694865807890892
123,1644,1127,datasets/food_intake_dataset/cookie/cy/2_15.wav,chewing,cookie,female,,food_intake_dataset,chewing,0.8006407618522644,0.13369326293468475,0.06566594541072845
124,1645,1180,datasets/food_intake_dataset/cookie/cy/4_12.wav,chewing,cookie,female,,food_intake_dataset,chewing,0.998936116695404,0.0004398859746288508,0.0006239380454644561
125,1646,430,datasets/food_intake_dataset/apple/lh/1_23.wav,chewing,apple,male,,food_intake_dataset,chewing,0.9999120235443115,7.906137761892751e-05,8.993802111945115e-06
126,1647,367,datasets/food_intake_dataset/apple/cy/2_18.wav,chewing,apple,female,,food_intake_dataset,chewing,0.9916107058525085,0.004605800379067659,0.0037835482507944107
127,1648,1339,datasets/food_intake_dataset/cookie/wy/2_11.wav,chewing,cookie,female,,food_intake_dataset,chewing,0.5431725382804871,0.43217670917510986,0.02465074323117733
128,1649,1192,datasets/food_intake_dataset/cookie/cy/4_24.wav,chewing,cookie,female,,food_intake_dataset,chewing,0.9435304999351501,0.0386095754802227,0.017859894782304764
129,1650,1322,datasets/food_intake_dataset/cookie/wy/1_17.wav,chewing,cookie,female,,food_intake_dataset,chewing,0.7566049695014954,0.006922144442796707,0.23647287487983704
130,1651,800,datasets/food_intake_dataset/carrot/gy/2_3.wav,chewing,carrot,male,,food_intake_dataset,chewing,0.8276921510696411,0.1293444037437439,0.04296344891190529
131,1652,357,datasets/food_intake_dataset/apple/cy/2_8.wav,chewing,apple,female,,food_intake_dataset,chewing,0.7468467354774475,0.07384762912988663,0.17930558323860168
132,1653,484,datasets/food_intake_dataset/apple/lh/3_8.wav,chewing,apple,male,,food_intake_dataset,chewing,0.9789116382598877,0.010999477468430996,0.01008895318955183
133,1654,687,datasets/food_intake_dataset/carrot/cy/2_18.wav,chewing,carrot,female,,food_intake_dataset,chewing,0.997739315032959,0.0008773438166826963,0.0013834116980433464
134,1655,1589,datasets/food_intake_dataset/patato_chips/by/4_26.wav,chewing,patato_chips,male,,food_intake_dataset,chewing,0.991424560546875,0.002221090020611882,0.006354363169521093
135,1656,461,datasets/food_intake_dataset/apple/lh/2_22.wav,chewing,apple,male,,food_intake_dataset,chewing,0.8273014426231384,0.03423568233847618,0.13846290111541748
136,1657,1260,datasets/food_intake_dataset/cookie/lh/3_15.wav,chewing,cookie,male,,food_intake_dataset,chewing,0.9839142560958862,0.009113484062254429,0.006972306873649359
137,1658,2146,datasets/food_intake_dataset/walnut/gy/3_2.wav,chewing,walnut,male,,food_intake_dataset,chewing,0.9577465653419495,0.021462148055434227,0.020791400223970413
138,1659,2449,datasets/food_intake_dataset/water/lh/4_2.wav,chewing,water,male,,food_intake_dataset,swallow,0.2952786982059479,0.6252243518829346,0.07949695736169815
139,1660,710,datasets/food_intake_dataset/carrot/cy/2_41.wav,chewing,carrot,female,,food_intake_dataset,chewing,0.9999343156814575,2.0396486434037797e-05,4.52886670245789e-05
140,1661,1613,datasets/food_intake_dataset/patato_chips/by/4_50.wav,chewing,patato_chips,male,,food_intake_dataset,chewing,0.9243177771568298,0.018763558939099312,0.056918662041425705
141,1662,1269,datasets/food_intake_dataset/cookie/lh/3_24.wav,chewing,cookie,male,,food_intake_dataset,chewing,0.9721633791923523,0.026386268436908722,0.001450365874916315
142,1663,666,datasets/food_intake_dataset/carrot/cy/1_34.wav,chewing,carrot,female,,food_intake_dataset,chewing,0.8836919069290161,0.056582365185022354,0.05972578004002571
143,1664,1450,datasets/food_intake_dataset/patato_chips/by/1_41.wav,chewing,patato_chips,male,,food_intake_dataset,chewing,0.8786439299583435,0.03784237056970596,0.0835137665271759
144,1665,1395,datasets/food_intake_dataset/cookie/wy/5_5.wav,chewing,cookie,female,,food_intake_dataset,chewing,0.9903380274772644,0.003006144193932414,0.0066558122634887695
145,1666,193,datasets/food_intake_dataset/apple/by/1_17.wav,chewing,apple,male,,food_intake_dataset,chewing,0.9601386785507202,0.01929912157356739,0.020562129095196724
146,1667,1760,datasets/food_intake_dataset/patato_chips/lh/2_18.wav,chewing,patato_chips,male,,food_intake_dataset,chewing,0.8975200057029724,0.06567820906639099,0.03680180013179779
147,1668,1272,datasets/food_intake_dataset/cookie/lh/3_27.wav,chewing,cookie,male,,food_intake_dataset,chewing,0.9759125709533691,0.01040984783321619,0.013677641749382019
148,1669,739,datasets/food_intake_dataset/carrot/cy/3_18.wav,chewing,carrot,female,,food_intake_dataset,chewing,0.9884335398674011,0.006668036337941885,0.004898432642221451
149,1670,1764,datasets/food_intake_dataset/patato_chips/lh/2_22.wav,chewing,patato_chips,male,,food_intake_dataset,chewing,0.9980173110961914,0.0017662335885688663,0.00021641315834131092
150,1671,854,datasets/food_intake_dataset/carrot/lh/1_5.wav,chewing,carrot,male,,food_intake_dataset,chewing,0.9952640533447266,0.0011962141143158078,0.003539786208420992
151,1672,2253,datasets/food_intake_dataset/walnut/lh/1_12.wav,chewing,walnut,male,,food_intake_dataset,swallow,0.3559761643409729,0.3725811541080475,0.27144259214401245
152,1673,1219,datasets/food_intake_dataset/cookie/lh/1_14.wav,chewing,cookie,male,,food_intake_dataset,chewing,0.741643488407135,0.25000056624412537,0.008355898782610893
153,1674,2291,datasets/food_intake_dataset/walnut/lh/2_28.wav,chewing,walnut,male,,food_intake_dataset,chewing,0.9980084300041199,0.0009855232201516628,0.001005968195386231
154,1675,1159,datasets/food_intake_dataset/cookie/cy/3_23.wav,chewing,cookie,female,,food_intake_dataset,chewing,0.9999829530715942,1.2190059351269156e-05,4.88171144752414e-06
155,1676,2426,datasets/food_intake_dataset/water/gy/2_9.wav,chewing,water,male,,food_intake_dataset,swallow,0.021123290061950684,0.9783576726913452,0.0005189493531361222
156,1677,466,datasets/food_intake_dataset/apple/lh/2_27.wav,chewing,apple,male,,food_intake_dataset,chewing,0.9130744934082031,0.08087459206581116,0.006050930358469486
157,1678,1860,datasets/food_intake_dataset/patato_chips/lh/4_20.wav,chewing,patato_chips,male,,food_intake_dataset,chewing,0.9719886183738708,0.019983744248747826,0.00802754145115614
158,1679,995,datasets/food_intake_dataset/cookie/by/1_14.wav,chewing,cookie,male,,food_intake_dataset,chewing,0.5191166996955872,0.2645389437675476,0.21634437143802643
159,1680,2254,datasets/food_intake_dataset/walnut/lh/1_13.wav,chewing,walnut,male,,food_intake_dataset,chewing,0.5068244934082031,0.4411100447177887,0.05206550285220146
160,1681,402,datasets/food_intake_dataset/apple/cy/3_22.wav,chewing,apple,female,,food_intake_dataset,chewing,0.9958363771438599,0.0021766077261418104,0.0019870642572641373
161,1682,203,datasets/food_intake_dataset/apple/by/1_27.wav,chewing,apple,male,,food_intake_dataset,chewing,0.9849628806114197,0.011264247819781303,0.0037727949675172567
162,1683,2030,datasets/food_intake_dataset/walnut/by/4_15.wav,chewing,walnut,male,,food_intake_dataset,chewing,0.9720051884651184,0.003637501038610935,0.02435731515288353
163,1684,624,datasets/food_intake_dataset/carrot/by/4_50.wav,chewing,carrot,male,,food_intake_dataset,chewing,0.9170578718185425,0.030754465609788895,0.052187737077474594
164,1685,2460,datasets/food_intake_dataset/water/wy/1_5.wav,chewing,water,female,,food_intake_dataset,chewing,0.9544053077697754,0.03792891278862953,0.007665731478482485
165,1686,1605,datasets/food_intake_dataset/patato_chips/by/4_42.wav,chewing,patato_chips,male,,food_intake_dataset,chewing,0.9772772789001465,0.022609908133745193,0.00011274413554929197
166,1687,406,datasets/food_intake_dataset/apple/cy/3_26.wav,chewing,apple,female,,food_intake_dataset,chewing,0.981468677520752,0.008336812257766724,0.010194467380642891
167,1688,214,datasets/food_intake_dataset/apple/by/2_2.wav,chewing,apple,male,,food_intake_dataset,chewing,0.7106879353523254,0.27106136083602905,0.018250722438097
168,1689,1924,datasets/food_intake_dataset/patato_chips/wy/3_8.wav,chewing,patato_chips,female,,food_intake_dataset,chewing,0.9167575240135193,0.03307178243994713,0.0501706562936306
169,1690,947,datasets/food_intake_dataset/carrot/lh/3_11.wav,chewing,carrot,male,,food_intake_dataset,chewing,0.884477436542511,0.025917381048202515,0.08960510790348053
170,1691,2137,datasets/food_intake_dataset/walnut/gy/2_10.wav,chewing,walnut,male,,food_intake_dataset,chewing,0.9648141860961914,0.021516112610697746,0.013669607229530811
171,1692,1154,datasets/food_intake_dataset/cookie/cy/3_18.wav,chewing,cookie,female,,food_intake_dataset,chewing,0.9919690489768982,0.0038288843352347612,0.0042020720429718494
172,1693,2469,datasets/food_intake_dataset/water/wy/1_14.wav,chewing,water,female,,food_intake_dataset,chewing,0.9766071438789368,0.014052094891667366,0.009340791031718254
173,1694,1256,datasets/food_intake_dataset/cookie/lh/3_11.wav,chewing,cookie,male,,food_intake_dataset,chewing,0.9484705328941345,0.029347289353609085,0.022182172164320946
174,1695,834,datasets/food_intake_dataset/carrot/gy/4_5.wav,chewing,carrot,male,,food_intake_dataset,chewing,0.9742661714553833,0.014455977827310562,0.011277825571596622
175,1696,1420,datasets/food_intake_dataset/patato_chips/by/1_11.wav,chewing,patato_chips,male,,food_intake_dataset,chewing,0.6087242364883423,0.23720930516719818,0.15406638383865356
176,1697,1632,datasets/food_intake_dataset/patato_chips/cy/1_2.wav,chewing,patato_chips,female,,food_intake_dataset,chewing,0.8264383673667908,0.1125061959028244,0.06105545163154602
177,1698,2268,datasets/food_intake_dataset/walnut/lh/2_5.wav,chewing,walnut,male,,food_intake_dataset,chewing,0.6650429964065552,0.3069475591182709,0.028009476140141487
178,1699,1752,datasets/food_intake_dataset/patato_chips/lh/2_10.wav,chewing,patato_chips,male,,food_intake_dataset,chewing,0.9925490617752075,0.0023297446314245462,0.005121197551488876
179,1700,2170,datasets/food_intake_dataset/walnut/gy/3_26.wav,chewing,walnut,male,,food_intake_dataset,chewing,0.9710901379585266,0.0054003032855689526,0.023509545251727104
180,1701,1511,datasets/food_intake_dataset/patato_chips/by/3_13.wav,chewing,patato_chips,male,,food_intake_dataset,chewing,0.9829809665679932,0.014132850803434849,0.002886193571612239
181,1702,998,datasets/food_intake_dataset/cookie/by/1_17.wav,chewing,cookie,male,,food_intake_dataset,chewing,0.8925424814224243,0.013685591518878937,0.09377183020114899
182,1703,1830,datasets/food_intake_dataset/patato_chips/lh/3_45.wav,chewing,patato_chips,male,,food_intake_dataset,chewing,0.8052302002906799,0.1444178819656372,0.05035196989774704
183,1704,337,datasets/food_intake_dataset/apple/cy/1_32.wav,chewing,apple,female,,food_intake_dataset,chewing,0.9889312982559204,0.006993284914642572,0.004075371660292149
184,1705,2250,datasets/food_intake_dataset/walnut/lh/1_9.wav,chewing,walnut,male,,food_intake_dataset,chewing,0.9969504475593567,0.0006511773099191487,0.0023984629660844803
185,1706,1935,datasets/food_intake_dataset/patato_chips/wy/4_1.wav,chewing,patato_chips,female,,food_intake_dataset,chewing,0.961805522441864,0.013907567597925663,0.024286922067403793
186,1707,1156,datasets/food_intake_dataset/cookie/cy/3_20.wav,chewing,cookie,female,,food_intake_dataset,chewing,0.9857050180435181,0.007512867450714111,0.006782123353332281
187,1708,1974,datasets/food_intake_dataset/walnut/by/1_13.wav,chewing,walnut,male,,food_intake_dataset,chewing,0.9928179979324341,0.0025932122953236103,0.004588826093822718
188,1709,1386,datasets/food_intake_dataset/cookie/wy/4_16.wav,chewing,cookie,female,,food_intake_dataset,chewing,0.9982998967170715,0.0009511727257631719,0.0007489566341973841
189,1710,1020,datasets/food_intake_dataset/cookie/by/2_15.wav,chewing,cookie,male,,food_intake_dataset,chewing,0.9951574206352234,0.004784708842635155,5.783493543276563e-05
190,1711,1960,datasets/food_intake_dataset/patato_chips/wy/5_11.wav,chewing,patato_chips,female,,food_intake_dataset,chewing,0.982014000415802,0.00999049749225378,0.007995545864105225
191,1712,2427,datasets/food_intake_dataset/water/gy/2_10.wav,chewing,water,male,,food_intake_dataset,swallow,0.05671614408493042,0.942484974861145,0.0007989925215952098
192,1713,1077,datasets/food_intake_dataset/cookie/by/4_26.wav,chewing,cookie,male,,food_intake_dataset,chewing,0.9884132742881775,0.005491511896252632,0.006095241289585829
193,1714,1113,datasets/food_intake_dataset/cookie/cy/2_1.wav,chewing,cookie,female,,food_intake_dataset,chewing,0.9998893737792969,8.683386840857565e-05,2.3796337700332515e-05
194,1715,2115,datasets/food_intake_dataset/walnut/gy/1_7.wav,chewing,walnut,male,,food_intake_dataset,chewing,0.7851200103759766,0.06658176332712173,0.1482982337474823
195,1716,275,datasets/food_intake_dataset/apple/by/3_17.wav,chewing,apple,male,,food_intake_dataset,chewing,0.6762428283691406,0.2248607575893402,0.09889645874500275
196,1717,2363,datasets/food_intake_dataset/water/by/3_1.wav,chewing,water,male,,food_intake_dataset,chewing,0.47532784938812256,0.4585700035095215,0.06610210984945297
197,1718,701,datasets/food_intake_dataset/carrot/cy/2_32.wav,chewing,carrot,female,,food_intake_dataset,chewing,0.9998465776443481,9.476237755734473e-05,5.868563675903715e-05
198,1719,1457,datasets/food_intake_dataset/patato_chips/by/2_2.wav,chewing,patato_chips,male,,food_intake_dataset,chewing,0.9837225079536438,0.00435220031067729,0.01192531269043684
199,1720,431,datasets/food_intake_dataset/apple/lh/1_24.wav,chewing,apple,male,,food_intake_dataset,chewing,0.9972602128982544,0.0010916756000369787,0.0016480210470035672
200,1721,2106,datasets/food_intake_dataset/walnut/cy/4_13.wav,chewing,walnut,female,,food_intake_dataset,chewing,0.9999293088912964,6.022123488946818e-05,1.0460251360200346e-05
201,1722,280,datasets/food_intake_dataset/apple/by/3_22.wav,chewing,apple,male,,food_intake_dataset,chewing,0.9791467785835266,0.009387911297380924,0.01146525889635086
202,1723,1664,datasets/food_intake_dataset/patato_chips/cy/2_14.wav,chewing,patato_chips,female,,food_intake_dataset,chewing,0.9868199229240417,0.0013300233986228704,0.011850079521536827
203,1724,1878,datasets/food_intake_dataset/patato_chips/lh/4_38.wav,chewing,patato_chips,male,,food_intake_dataset,chewing,0.7923458218574524,0.13142187893390656,0.07623236626386642
204,1725,779,datasets/food_intake_dataset/carrot/gy/1_35.wav,chewing,carrot,male,,food_intake_dataset,chewing,0.9424065947532654,0.026621906086802483,0.030971409752964973
205,1726,821,datasets/food_intake_dataset/carrot/gy/3_6.wav,chewing,carrot,male,,food_intake_dataset,chewing,0.974497377872467,0.008948283270001411,0.016554387286305428
206,1727,1927,datasets/food_intake_dataset/patato_chips/wy/3_11.wav,chewing,patato_chips,female,,food_intake_dataset,chewing,0.9837116599082947,0.013192716985940933,0.003095633815973997
207,1728,590,datasets/food_intake_dataset/carrot/by/4_16.wav,chewing,carrot,male,,food_intake_dataset,chewing,0.9634890556335449,0.029975026845932007,0.006535888649523258
208,1729,1354,datasets/food_intake_dataset/cookie/wy/3_3.wav,chewing,cookie,female,,food_intake_dataset,chewing,0.9703942537307739,0.011124351061880589,0.018481429666280746
209,1730,1913,datasets/food_intake_dataset/patato_chips/wy/2_13.wav,chewing,patato_chips,female,,food_intake_dataset,chewing,0.9828979969024658,0.007126889191567898,0.009975073859095573
210,1731,2287,datasets/food_intake_dataset/walnut/lh/2_24.wav,chewing,walnut,male,,food_intake_dataset,chewing,0.9926727414131165,0.0010193191701546311,0.006307852920144796
211,1732,639,datasets/food_intake_dataset/carrot/cy/1_6.wav,chewing,carrot,female,,food_intake_dataset,chewing,0.9673066735267639,0.015970036387443542,0.01672336459159851
212,1733,1540,datasets/food_intake_dataset/patato_chips/by/3_42.wav,chewing,patato_chips,male,,food_intake_dataset,chewing,0.966507077217102,0.027292175218462944,0.0062007056549191475
213,1734,2280,datasets/food_intake_dataset/walnut/lh/2_17.wav,chewing,walnut,male,,food_intake_dataset,swallow,0.4497523307800293,0.5334304571151733,0.016817299649119377
214,1735,1080,datasets/food_intake_dataset/cookie/by/4_29.wav,chewing,cookie,male,,food_intake_dataset,chewing,0.9781955480575562,0.016153724864125252,0.0056506674736738205
215,1736,2428,datasets/food_intake_dataset/water/gy/2_11.wav,chewing,water,male,,food_intake_dataset,swallow,0.0740334764122963,0.9232438802719116,0.0027226824313402176
216,1737,817,datasets/food_intake_dataset/carrot/gy/3_2.wav,chewing,carrot,male,,food_intake_dataset,chewing,0.5160544514656067,0.2311376929283142,0.2528078854084015
217,1738,2018,datasets/food_intake_dataset/walnut/by/4_2.wav,chewing,walnut,male,,food_intake_dataset,chewing,0.9835756421089172,0.008167373947799206,0.008256953209638596
218,1739,441,datasets/food_intake_dataset/apple/lh/2_2.wav,chewing,apple,male,,food_intake_dataset,chewing,0.9958652257919312,0.0027092336677014828,0.0014256017748266459
219,1740,1862,datasets/food_intake_dataset/patato_chips/lh/4_22.wav,chewing,patato_chips,male,,food_intake_dataset,chewing,0.9228176474571228,0.04317966103553772,0.03400268405675888
220,1741,1658,datasets/food_intake_dataset/patato_chips/cy/2_8.wav,chewing,patato_chips,female,,food_intake_dataset,chewing,0.8153102397918701,0.03952353447675705,0.14516623318195343
221,1742,2200,datasets/food_intake_dataset/walnut/gy/4_25.wav,chewing,walnut,male,,food_intake_dataset,chewing,0.9998205304145813,0.00013348525681067258,4.605377762345597e-05
222,1743,2033,datasets/food_intake_dataset/walnut/by/4_18.wav,chewing,walnut,male,,food_intake_dataset,chewing,0.9903389811515808,0.0018526181811466813,0.007808469235897064
223,1744,835,datasets/food_intake_dataset/carrot/gy/4_6.wav,chewing,carrot,male,,food_intake_dataset,chewing,0.8296995162963867,0.1365242749452591,0.03377627953886986
224,1745,2190,datasets/food_intake_dataset/walnut/gy/4_15.wav,chewing,walnut,male,,food_intake_dataset,chewing,0.7478654384613037,0.24379992485046387,0.00833459198474884
225,1746,679,datasets/food_intake_dataset/carrot/cy/2_9.wav,chewing,carrot,female,,food_intake_dataset,chewing,0.9980018734931946,0.0003815600648522377,0.0016166171990334988
226,1747,2074,datasets/food_intake_dataset/walnut/cy/3_3.wav,chewing,walnut,female,,food_intake_dataset,chewing,0.9964176416397095,0.0006124508799985051,0.0029698594007641077
227,1748,1965,datasets/food_intake_dataset/walnut/by/1_4.wav,chewing,walnut,male,,food_intake_dataset,chewing,0.9968543648719788,0.0008839454385451972,0.00226172455586493
228,1749,323,datasets/food_intake_dataset/apple/cy/1_18.wav,chewing,apple,female,,food_intake_dataset,chewing,0.9703077077865601,0.019297759979963303,0.010394515469670296
229,1750,1759,datasets/food_intake_dataset/patato_chips/lh/2_17.wav,chewing,patato_chips,male,,food_intake_dataset,chewing,0.9731437563896179,0.003392212325707078,0.023464025929570198
230,1751,2217,datasets/food_intake_dataset/walnut/gy/5_13.wav,chewing,walnut,male,,food_intake_dataset,chewing,0.8980846405029297,0.03739069402217865,0.06452468782663345
231,1752,1586,datasets/food_intake_dataset/patato_chips/by/4_22.wav,chewing,patato_chips,male,,food_intake_dataset,chewing,0.9931572079658508,0.0028040921315550804,0.004038778133690357
232,1753,2442,datasets/food_intake_dataset/water/lh/2_5.wav,chewing,water,male,,food_intake_dataset,chewing,0.7335669994354248,0.25598081946372986,0.010452101938426495
233,1754,855,datasets/food_intake_dataset/carrot/lh/1_6.wav,chewing,carrot,male,,food_intake_dataset,chewing,0.9192894101142883,0.02803313173353672,0.052677419036626816
234,1755,2025,datasets/food_intake_dataset/walnut/by/4_9.wav,chewing,walnut,male,,food_intake_dataset,chewing,0.8921875357627869,0.02097381092607975,0.08683866262435913
235,1756,363,datasets/food_intake_dataset/apple/cy/2_14.wav,chewing,apple,female,,food_intake_dataset,chewing,0.9779978394508362,0.021128781139850616,0.0008735081646591425
236,1757,1347,datasets/food_intake_dataset/cookie/wy/2_19.wav,chewing,cookie,female,,food_intake_dataset,chewing,0.9999890327453613,8.539400369045325e-06,2.4267944809253095e-06
237,1758,802,datasets/food_intake_dataset/carrot/gy/2_5.wav,chewing,carrot,male,,food_intake_dataset,chewing,0.9384130239486694,0.014122948050498962,0.04746410623192787
238,1759,2161,datasets/food_intake_dataset/walnut/gy/3_17.wav,chewing,walnut,male,,food_intake_dataset,chewing,0.710320770740509,0.19496731460094452,0.09471191465854645
239,1760,374,datasets/food_intake_dataset/apple/cy/2_25.wav,chewing,apple,female,,food_intake_dataset,chewing,0.9949971437454224,0.004459884017705917,0.0005429834709502757
240,1761,587,datasets/food_intake_dataset/carrot/by/4_13.wav,chewing,carrot,male,,food_intake_dataset,chewing,0.9726077914237976,0.011610057204961777,0.01578214205801487
241,1762,299,datasets/food_intake_dataset/apple/by/3_41.wav,chewing,apple,male,,food_intake_dataset,chewing,0.9973601698875427,0.0006987580563873053,0.0019410807872191072
242,1763,379,datasets/food_intake_dataset/apple/cy/2_30.wav,chewing,apple,female,,food_intake_dataset,chewing,0.9893621802330017,0.0070893350057303905,0.0035485452972352505
243,1764,1034,datasets/food_intake_dataset/cookie/by/3_5.wav,chewing,cookie,male,,food_intake_dataset,chewing,0.9998182654380798,3.757321974262595e-05,0.00014421580999623984
244,1765,1964,datasets/food_intake_dataset/walnut/by/1_3.wav,chewing,walnut,male,,food_intake_dataset,chewing,0.9986819624900818,0.0011127132456749678,0.00020531564950942993
245,1766,1926,datasets/food_intake_dataset/patato_chips/wy/3_10.wav,chewing,patato_chips,female,,food_intake_dataset,chewing,0.9989209175109863,0.0010381087195128202,4.094971518497914e-05
246,1767,1938,datasets/food_intake_dataset/patato_chips/wy/4_4.wav,chewing,patato_chips,female,,food_intake_dataset,chewing,0.8255517482757568,0.10011313855648041,0.07433512806892395
247,1768,2425,datasets/food_intake_dataset/water/gy/2_8.wav,chewing,water,male,,food_intake_dataset,swallow,0.20884959399700165,0.7888059616088867,0.0023445405531674623
248,1769,1353,datasets/food_intake_dataset/cookie/wy/3_2.wav,chewing,cookie,female,,food_intake_dataset,chewing,0.9959562420845032,0.0013015068834647536,0.002742246026173234
249,1770,1892,datasets/food_intake_dataset/patato_chips/wy/1_8.wav,chewing,patato_chips,female,,food_intake_dataset,chewing,0.9900903701782227,0.005754935089498758,0.004154673777520657
250,1771,1990,datasets/food_intake_dataset/walnut/by/2_5.wav,chewing,walnut,male,,food_intake_dataset,chewing,0.9870237112045288,0.007703522685915232,0.005272863432765007
251,1772,1053,datasets/food_intake_dataset/cookie/by/4_2.wav,chewing,cookie,male,,food_intake_dataset,chewing,0.9114658832550049,0.07276437431573868,0.01576976664364338
252,1773,1815,datasets/food_intake_dataset/patato_chips/lh/3_30.wav,chewing,patato_chips,male,,food_intake_dataset,chewing,0.9630252718925476,0.011640815064311028,0.025333896279335022
253,1774,178,datasets/food_intake_dataset/apple/by/1_2.wav,chewing,apple,male,,food_intake_dataset,chewing,0.8556889295578003,0.010733879171311855,0.1335771530866623
254,1775,1864,datasets/food_intake_dataset/patato_chips/lh/4_24.wav,chewing,patato_chips,male,,food_intake_dataset,chewing,0.9770515561103821,0.005994588602334261,0.016953926533460617
255,1776,1502,datasets/food_intake_dataset/patato_chips/by/3_4.wav,chewing,patato_chips,male,,food_intake_dataset,chewing,0.9804356098175049,0.01304897665977478,0.006515419110655785
256,1777,1745,datasets/food_intake_dataset/patato_chips/lh/2_3.wav,chewing,patato_chips,male,,food_intake_dataset,chewing,0.8747575283050537,0.07095347344875336,0.05428904667496681
257,1778,2084,datasets/food_intake_dataset/walnut/cy/3_14.wav,chewing,walnut,female,,food_intake_dataset,chewing,0.9345188140869141,0.030225733295083046,0.03525548428297043
258,1779,1336,datasets/food_intake_dataset/cookie/wy/2_8.wav,chewing,cookie,female,,food_intake_dataset,chewing,0.9364316463470459,0.03301611915230751,0.030552221462130547
259,1780,2414,datasets/food_intake_dataset/water/gy/1_8.wav,chewing,water,male,,food_intake_dataset,swallow,0.11630937457084656,0.8795817494392395,0.004108878783881664
260,1781,1859,datasets/food_intake_dataset/patato_chips/lh/4_19.wav,chewing,patato_chips,male,,food_intake_dataset,chewing,0.9985619187355042,0.0005623800680041313,0.000875725585501641
261,1782,2229,datasets/food_intake_dataset/walnut/gy/5_25.wav,chewing,walnut,male,,food_intake_dataset,chewing,0.9977282881736755,0.0008935883524827659,0.0013781634625047445
262,1783,879,datasets/food_intake_dataset/carrot/lh/1_30.wav,chewing,carrot,male,,food_intake_dataset,chewing,0.89829421043396,0.03234686329960823,0.0693589448928833
263,1784,1465,datasets/food_intake_dataset/patato_chips/by/2_10.wav,chewing,patato_chips,male,,food_intake_dataset,chewing,0.9288873672485352,0.01492258533835411,0.05619002506136894
264,1785,844,datasets/food_intake_dataset/carrot/gy/4_15.wav,chewing,carrot,male,,food_intake_dataset,chewing,0.998978853225708,0.0003548726381268352,0.0006662773666903377
265,1786,1653,datasets/food_intake_dataset/patato_chips/cy/2_3.wav,chewing,patato_chips,female,,food_intake_dataset,chewing,0.9984254837036133,0.0007686983444727957,0.0008059067185968161
266,1787,1703,datasets/food_intake_dataset/patato_chips/cy/4_10.wav,chewing,patato_chips,female,,food_intake_dataset,chewing,0.9883735775947571,0.006408564746379852,0.005217907950282097
267,1788,905,datasets/food_intake_dataset/carrot/lh/2_24.wav,chewing,carrot,male,,food_intake_dataset,chewing,0.9206006526947021,0.015225749462842941,0.06417357921600342
268,1789,1491,datasets/food_intake_dataset/patato_chips/by/2_36.wav,chewing,patato_chips,male,,food_intake_dataset,chewing,0.9494773745536804,0.01431309338659048,0.03620945289731026
269,1790,1999,datasets/food_intake_dataset/walnut/by/3_5.wav,chewing,walnut,male,,food_intake_dataset,chewing,0.9639710187911987,0.011964603327214718,0.024064285680651665
270,1791,1172,datasets/food_intake_dataset/cookie/cy/4_4.wav,chewing,cookie,female,,food_intake_dataset,chewing,0.9979537725448608,0.0012172367423772812,0.0008288971148431301
271,1792,1517,datasets/food_intake_dataset/patato_chips/by/3_19.wav,chewing,patato_chips,male,,food_intake_dataset,chewing,0.9931282997131348,0.005750137381255627,0.001121582230553031
272,1793,1617,datasets/food_intake_dataset/patato_chips/by/4_54.wav,chewing,patato_chips,male,,food_intake_dataset,chewing,0.999112069606781,0.0005056658410467207,0.000382156838895753
273,1794,1625,datasets/food_intake_dataset/patato_chips/by/4_62.wav,chewing,patato_chips,male,,food_intake_dataset,chewing,0.9592791199684143,0.007085567805916071,0.03363531827926636
274,1795,1721,datasets/food_intake_dataset/patato_chips/cy/5_10.wav,chewing,patato_chips,female,,food_intake_dataset,chewing,0.951012134552002,0.024420225992798805,0.024567611515522003
275,1796,2269,datasets/food_intake_dataset/walnut/lh/2_6.wav,chewing,walnut,male,,food_intake_dataset,chewing,0.4988785684108734,0.25181928277015686,0.2493021935224533
276,1797,1894,datasets/food_intake_dataset/patato_chips/wy/1_10.wav,chewing,patato_chips,female,,food_intake_dataset,chewing,0.9886040687561035,0.0036968570202589035,0.007699116133153439
277,1798,1571,datasets/food_intake_dataset/patato_chips/by/4_6.wav,chewing,patato_chips,male,,food_intake_dataset,chewing,0.9812108278274536,0.0063179535791277885,0.012471162714064121
278,1799,2433,datasets/food_intake_dataset/water/lh/1_5.wav,chewing,water,male,,food_intake_dataset,chewing,0.9102024435997009,0.08838871121406555,0.0014088598545640707
279,1800,1871,datasets/food_intake_dataset/patato_chips/lh/4_31.wav,chewing,patato_chips,male,,food_intake_dataset,chewing,0.9879823327064514,0.007400718051940203,0.004616927821189165
280,1801,1251,datasets/food_intake_dataset/cookie/lh/3_6.wav,chewing,cookie,male,,food_intake_dataset,chewing,0.978665292263031,0.007647492457181215,0.01368729118257761
281,1802,993,datasets/food_intake_dataset/cookie/by/1_12.wav,chewing,cookie,male,,food_intake_dataset,swallow,0.4510960280895233,0.5413956046104431,0.007508369628340006
282,1803,1824,datasets/food_intake_dataset/patato_chips/lh/3_39.wav,chewing,patato_chips,male,,food_intake_dataset,chewing,0.993176281452179,0.006084870081394911,0.0007389106322079897
283,1804,2050,datasets/food_intake_dataset/walnut/cy/1_14.wav,chewing,walnut,female,,food_intake_dataset,chewing,0.9988325238227844,0.0003431563382036984,0.0008243409683927894
284,1805,1953,datasets/food_intake_dataset/patato_chips/wy/5_4.wav,chewing,patato_chips,female,,food_intake_dataset,chewing,0.8314602971076965,0.08715426176786423,0.08138537406921387
285,1806,1259,datasets/food_intake_dataset/cookie/lh/3_14.wav,chewing,cookie,male,,food_intake_dataset,chewing,0.9632444381713867,0.0329773910343647,0.0037781819701194763
286,1807,733,datasets/food_intake_dataset/carrot/cy/3_12.wav,chewing,carrot,female,,food_intake_dataset,chewing,0.9843364953994751,0.00404504407197237,0.01161848846822977
287,1808,1909,datasets/food_intake_dataset/patato_chips/wy/2_9.wav,chewing,patato_chips,female,,food_intake_dataset,chewing,0.7011939287185669,0.21470333635807037,0.08410271257162094
288,1809,1988,datasets/food_intake_dataset/walnut/by/2_3.wav,chewing,walnut,male,,food_intake_dataset,swallow,0.10415129363536835,0.8952086567878723,0.0006400449201464653
289,1810,272,datasets/food_intake_dataset/apple/by/3_14.wav,chewing,apple,male,,food_intake_dataset,chewing,0.977332353591919,0.0036694814916700125,0.018998131155967712
290,1811,1220,datasets/food_intake_dataset/cookie/lh/1_16.wav,chewing,cookie,male,,food_intake_dataset,chewing,0.9611481428146362,0.024094272404909134,0.014757595956325531
291,1812,756,datasets/food_intake_dataset/carrot/gy/1_12.wav,chewing,carrot,male,,food_intake_dataset,chewing,0.5056193470954895,0.4403432607650757,0.05403740704059601
292,1813,1708,datasets/food_intake_dataset/patato_chips/cy/4_15.wav,chewing,patato_chips,female,,food_intake_dataset,chewing,0.9942926168441772,0.001961348345503211,0.0037461223546415567
293,1814,2112,datasets/food_intake_dataset/walnut/gy/1_3.wav,chewing,walnut,male,,food_intake_dataset,chewing,0.9156597256660461,0.04195796325802803,0.04238229617476463
294,1815,1238,datasets/food_intake_dataset/cookie/lh/2_13.wav,chewing,cookie,male,,food_intake_dataset,chewing,0.8506138920783997,0.14822551608085632,0.001160611747764051
295,1816,383,datasets/food_intake_dataset/apple/cy/3_3.wav,chewing,apple,female,,food_intake_dataset,chewing,0.9962977766990662,0.001874433597549796,0.0018278640927746892
296,1817,579,datasets/food_intake_dataset/carrot/by/4_5.wav,chewing,carrot,male,,food_intake_dataset,chewing,0.6513181924819946,0.34405213594436646,0.0046297297812998295
297,1818,1070,datasets/food_intake_dataset/cookie/by/4_19.wav,chewing,cookie,male,,food_intake_dataset,chewing,0.9867918491363525,0.007288181688636541,0.005919968709349632
298,1819,584,datasets/food_intake_dataset/carrot/by/4_10.wav,chewing,carrot,male,,food_intake_dataset,chewing,0.9903793334960938,0.005582171492278576,0.004038435872644186
299,1820,1228,datasets/food_intake_dataset/cookie/lh/2_3.wav,chewing,cookie,male,,food_intake_dataset,chewing,0.9937810301780701,0.003641329240053892,0.0025775767862796783
300,1821,1709,datasets/food_intake_dataset/patato_chips/cy/4_16.wav,chewing,patato_chips,female,,food_intake_dataset,chewing,0.9629762172698975,0.01560662779957056,0.021417228505015373
301,1822,1160,datasets/food_intake_dataset/cookie/cy/3_24.wav,chewing,cookie,female,,food_intake_dataset,chewing,0.9999982118606567,7.546826168436382e-07,1.0207204468315467e-06
302,1823,1795,datasets/food_intake_dataset/patato_chips/lh/3_10.wav,chewing,patato_chips,male,,food_intake_dataset,chewing,0.9795603156089783,0.01197238638997078,0.008467246778309345
303,1824,2126,datasets/food_intake_dataset/walnut/gy/1_18.wav,chewing,walnut,male,,food_intake_dataset,chewing,0.7214164733886719,0.2597965598106384,0.01878693327307701
304,1825,2377,datasets/food_intake_dataset/water/cy/1_6.wav,chewing,water,female,,food_intake_dataset,chewing,0.8270796537399292,0.06398814916610718,0.1089322417974472
305,1826,1002,datasets/food_intake_dataset/cookie/by/1_21.wav,chewing,cookie,male,,food_intake_dataset,chewing,0.9099789261817932,0.07370547950267792,0.016315622255206108
306,1827,1982,datasets/food_intake_dataset/walnut/by/1_21.wav,chewing,walnut,male,,food_intake_dataset,chewing,0.9790833592414856,0.003508742433041334,0.017407899722456932
307,1828,693,datasets/food_intake_dataset/carrot/cy/2_24.wav,chewing,carrot,female,,food_intake_dataset,chewing,0.9347857236862183,0.02582457661628723,0.03938977047801018
308,1829,977,datasets/food_intake_dataset/carrot/lh/3_52.wav,chewing,carrot,male,,food_intake_dataset,chewing,0.9623538851737976,0.009277643635869026,0.028368497267365456
309,1830,2094,datasets/food_intake_dataset/walnut/cy/4_1.wav,chewing,walnut,female,,food_intake_dataset,chewing,0.9577548503875732,0.003724721958860755,0.03852051869034767
310,1831,377,datasets/food_intake_dataset/apple/cy/2_28.wav,chewing,apple,female,,food_intake_dataset,chewing,0.9414352774620056,0.017812617123126984,0.040752194821834564
311,1832,2027,datasets/food_intake_dataset/walnut/by/4_11.wav,chewing,walnut,male,,food_intake_dataset,chewing,0.7854581475257874,0.2051009088754654,0.009440948255360126
312,1833,565,datasets/food_intake_dataset/carrot/by/3_5.wav,chewing,carrot,male,,food_intake_dataset,chewing,0.8735489249229431,0.11017951369285583,0.016271574422717094
313,1834,605,datasets/food_intake_dataset/carrot/by/4_31.wav,chewing,carrot,male,,food_intake_dataset,chewing,0.9654204845428467,0.007456616498529911,0.02712288871407509
314,1835,1929,datasets/food_intake_dataset/patato_chips/wy/3_13.wav,chewing,patato_chips,female,,food_intake_dataset,chewing,0.9880625009536743,0.0035720260348170996,0.008365508168935776
315,1836,578,datasets/food_intake_dataset/carrot/by/4_4.wav,chewing,carrot,male,,food_intake_dataset,chewing,0.9735018610954285,0.01639869064092636,0.010099366307258606
316,1837,1747,datasets/food_intake_dataset/patato_chips/lh/2_5.wav,chewing,patato_chips,male,,food_intake_dataset,chewing,0.9812414646148682,0.012787588872015476,0.005970921367406845
317,1838,1362,datasets/food_intake_dataset/cookie/wy/3_11.wav,chewing,cookie,female,,food_intake_dataset,chewing,0.9691988825798035,0.01743285544216633,0.01336829923093319
318,1839,1720,datasets/food_intake_dataset/patato_chips/cy/5_9.wav,chewing,patato_chips,female,,food_intake_dataset,chewing,0.9888105392456055,0.00394199974834919,0.007247484754770994
319,1840,2258,datasets/food_intake_dataset/walnut/lh/1_17.wav,chewing,walnut,male,,food_intake_dataset,chewing,0.493539959192276,0.42863547801971436,0.07782463729381561
320,1841,1352,datasets/food_intake_dataset/cookie/wy/3_1.wav,chewing,cookie,female,,food_intake_dataset,chewing,0.968852162361145,0.00731721380725503,0.023830527439713478
321,1842,1584,datasets/food_intake_dataset/patato_chips/by/4_20.wav,chewing,patato_chips,male,,food_intake_dataset,chewing,0.9816547632217407,0.007785553112626076,0.010559783317148685
322,1843,241,datasets/food_intake_dataset/apple/by/2_29.wav,chewing,apple,male,,food_intake_dataset,biting,0.43827855587005615,0.032193150371313095,0.5295282602310181
323,1844,2293,datasets/food_intake_dataset/walnut/lh/2_30.wav,chewing,walnut,male,,food_intake_dataset,chewing,0.7176077365875244,0.23118779063224792,0.051204461604356766
324,1845,1380,datasets/food_intake_dataset/cookie/wy/4_10.wav,chewing,cookie,female,,food_intake_dataset,chewing,0.9940134882926941,0.0003271183231845498,0.005659373942762613
325,1846,683,datasets/food_intake_dataset/carrot/cy/2_14.wav,chewing,carrot,female,,food_intake_dataset,chewing,0.9084193706512451,0.03915916010737419,0.0524214506149292
326,1847,566,datasets/food_intake_dataset/carrot/by/3_6.wav,chewing,carrot,male,,food_intake_dataset,chewing,0.8717548251152039,0.088169626891613,0.04007556289434433
327,1848,961,datasets/food_intake_dataset/carrot/lh/3_36.wav,chewing,carrot,male,,food_intake_dataset,chewing,0.9947317838668823,0.0023814914748072624,0.002886770525947213
328,1849,989,datasets/food_intake_dataset/cookie/by/1_8.wav,chewing,cookie,male,,food_intake_dataset,chewing,0.9731819033622742,0.008626848459243774,0.01819135993719101
329,1850,1078,datasets/food_intake_dataset/cookie/by/4_27.wav,chewing,cookie,male,,food_intake_dataset,chewing,0.9508794546127319,0.04143157973885536,0.007689037825912237
330,1851,523,datasets/food_intake_dataset/carrot/by/1_21.wav,chewing,carrot,male,,food_intake_dataset,chewing,0.9747326970100403,0.013911561109125614,0.011355758644640446
331,1852,1483,datasets/food_intake_dataset/patato_chips/by/2_28.wav,chewing,patato_chips,male,,food_intake_dataset,chewing,0.8743923306465149,0.026670116931200027,0.09893746674060822
332,1853,642,datasets/food_intake_dataset/carrot/cy/1_9.wav,chewing,carrot,female,,food_intake_dataset,chewing,0.999997615814209,5.259669819679402e-07,1.9233716557209846e-06
333,1854,1013,datasets/food_intake_dataset/cookie/by/2_8.wav,chewing,cookie,male,,food_intake_dataset,chewing,0.9909710884094238,0.0061078802682459354,0.0029210862703621387
334,1855,1195,datasets/food_intake_dataset/cookie/cy/4_27.wav,chewing,cookie,female,,food_intake_dataset,chewing,0.999405026435852,0.00039462861604988575,0.00020044305711053312
335,1856,2212,datasets/food_intake_dataset/walnut/gy/5_8.wav,chewing,walnut,male,,food_intake_dataset,chewing,0.815613865852356,0.08687939494848251,0.09750668704509735
336,1857,378,datasets/food_intake_dataset/apple/cy/2_29.wav,chewing,apple,female,,food_intake_dataset,chewing,0.992233395576477,0.0029451504815369844,0.004821451380848885
337,1858,338,datasets/food_intake_dataset/apple/cy/1_33.wav,chewing,apple,female,,food_intake_dataset,chewing,0.9593285918235779,0.015335209667682648,0.025336166843771935
338,1859,1805,datasets/food_intake_dataset/patato_chips/lh/3_20.wav,chewing,patato_chips,male,,food_intake_dataset,chewing,0.8977957963943481,0.013413263484835625,0.0887909010052681
339,1860,898,datasets/food_intake_dataset/carrot/lh/2_17.wav,chewing,carrot,male,,food_intake_dataset,chewing,0.9765451550483704,0.007988299243152142,0.015466557815670967
340,1861,1725,datasets/food_intake_dataset/patato_chips/cy/5_14.wav,chewing,patato_chips,female,,food_intake_dataset,chewing,0.7693933248519897,0.1421569138765335,0.08844968676567078
341,1862,1329,datasets/food_intake_dataset/cookie/wy/2_1.wav,chewing,cookie,female,,food_intake_dataset,chewing,0.7116376757621765,0.2385881394147873,0.04977411776781082
342,1863,1221,datasets/food_intake_dataset/cookie/lh/1_18.wav,chewing,cookie,male,,food_intake_dataset,chewing,0.9865530133247375,0.007731687743216753,0.0057153115049004555
343,1864,1811,datasets/food_intake_dataset/patato_chips/lh/3_26.wav,chewing,patato_chips,male,,food_intake_dataset,chewing,0.9607939124107361,0.019491370767354965,0.019714830443263054
344,1865,211,datasets/food_intake_dataset/apple/by/1_35.wav,chewing,apple,male,,food_intake_dataset,chewing,0.915515661239624,0.07194869965314865,0.012535718269646168
345,1866,973,datasets/food_intake_dataset/carrot/lh/3_48.wav,chewing,carrot,male,,food_intake_dataset,chewing,0.9896941184997559,0.0034307220485061407,0.006875097751617432
346,1867,1701,datasets/food_intake_dataset/patato_chips/cy/4_8.wav,chewing,patato_chips,female,,food_intake_dataset,chewing,0.9934161901473999,0.0014283591881394386,0.005155532620847225
347,1868,1607,datasets/food_intake_dataset/patato_chips/by/4_44.wav,chewing,patato_chips,male,,food_intake_dataset,chewing,0.9834376573562622,0.002393635455518961,0.01416881661862135
348,1869,2370,datasets/food_intake_dataset/water/by/4_4.wav,chewing,water,male,,food_intake_dataset,chewing,0.9304186701774597,0.025656629353761673,0.0439247228205204
349,1870,1580,datasets/food_intake_dataset/patato_chips/by/4_15.wav,chewing,patato_chips,male,,food_intake_dataset,chewing,0.9999977350234985,2.3144802980823442e-06,2.91088166903819e-08
350,1871,418,datasets/food_intake_dataset/apple/lh/1_11.wav,chewing,apple,male,,food_intake_dataset,chewing,0.8211288452148438,0.11602182686328888,0.06284928321838379
351,1872,2292,datasets/food_intake_dataset/walnut/lh/2_29.wav,chewing,walnut,male,,food_intake_dataset,chewing,0.8573215007781982,0.10969693958759308,0.03298155590891838
352,1873,793,datasets/food_intake_dataset/carrot/gy/1_49.wav,chewing,carrot,male,,food_intake_dataset,chewing,0.948280394077301,0.008937290869653225,0.04278233274817467
353,1874,1508,datasets/food_intake_dataset/patato_chips/by/3_10.wav,chewing,patato_chips,male,,food_intake_dataset,chewing,0.9775911569595337,0.014904813840985298,0.00750404829159379
354,1875,2445,datasets/food_intake_dataset/water/lh/3_3.wav,chewing,water,male,,food_intake_dataset,swallow,0.1393967568874359,0.8526235818862915,0.00797959417104721
355,1876,2299,datasets/food_intake_dataset/walnut/lh/3_4.wav,chewing,walnut,male,,food_intake_dataset,chewing,0.9595210552215576,0.017251459881663322,0.023227497935295105
356,1877,842,datasets/food_intake_dataset/carrot/gy/4_13.wav,chewing,carrot,male,,food_intake_dataset,chewing,0.9994731545448303,0.0002915518416557461,0.0002353195595787838
357,1878,1753,datasets/food_intake_dataset/patato_chips/lh/2_11.wav,chewing,patato_chips,male,,food_intake_dataset,swallow,0.36723339557647705,0.5900034308433533,0.04276318848133087
358,1879,1475,datasets/food_intake_dataset/patato_chips/by/2_20.wav,chewing,patato_chips,male,,food_intake_dataset,chewing,0.9856564998626709,0.007340713869780302,0.007002841215580702
359,1880,2130,datasets/food_intake_dataset/walnut/gy/2_3.wav,chewing,walnut,male,,food_intake_dataset,chewing,0.7908449172973633,0.11002909392118454,0.09912603348493576
360,1881,755,datasets/food_intake_dataset/carrot/gy/1_11.wav,chewing,carrot,male,,food_intake_dataset,chewing,0.9921941757202148,0.002666209591552615,0.005139611661434174
361,1882,366,datasets/food_intake_dataset/apple/cy/2_17.wav,chewing,apple,female,,food_intake_dataset,chewing,0.825905978679657,0.034662891179323196,0.13943111896514893
362,1883,2037,datasets/food_intake_dataset/walnut/cy/1_1.wav,chewing,walnut,female,,food_intake_dataset,chewing,0.9926366806030273,0.0037603762466460466,0.003602942917495966
363,1884,1175,datasets/food_intake_dataset/cookie/cy/4_7.wav,chewing,cookie,female,,food_intake_dataset,chewing,0.9995551705360413,0.00021256308536976576,0.00023222094750963151
364,1885,2278,datasets/food_intake_dataset/walnut/lh/2_15.wav,chewing,walnut,male,,food_intake_dataset,chewing,0.5845628380775452,0.399871826171875,0.015565378591418266
365,1886,1282,datasets/food_intake_dataset/cookie/lh/4_6.wav,chewing,cookie,male,,food_intake_dataset,chewing,0.9960160851478577,0.001369478297419846,0.0026144080329686403
366,1887,664,datasets/food_intake_dataset/carrot/cy/1_32.wav,chewing,carrot,female,,food_intake_dataset,chewing,0.9831739068031311,0.006744301412254572,0.010081770829856396
367,1888,945,datasets/food_intake_dataset/carrot/lh/3_9.wav,chewing,carrot,male,,food_intake_dataset,chewing,0.9971938133239746,0.00032228141208179295,0.0024838773533701897
368,1889,646,datasets/food_intake_dataset/carrot/cy/1_13.wav,chewing,carrot,female,,food_intake_dataset,chewing,0.786503791809082,0.07878899574279785,0.13470721244812012
369,1890,1384,datasets/food_intake_dataset/cookie/wy/4_14.wav,chewing,cookie,female,,food_intake_dataset,chewing,0.9822153449058533,0.004393578507006168,0.01339113712310791
370,1891,1155,datasets/food_intake_dataset/cookie/cy/3_19.wav,chewing,cookie,female,,food_intake_dataset,chewing,0.9998169541358948,6.0352445871103555e-05,0.0001227708562510088
371,1892,1417,datasets/food_intake_dataset/patato_chips/by/1_8.wav,chewing,patato_chips,male,,food_intake_dataset,chewing,0.721621036529541,0.13066767156124115,0.14771130681037903
372,1893,1740,datasets/food_intake_dataset/patato_chips/lh/1_11.wav,chewing,patato_chips,male,,food_intake_dataset,chewing,0.9594624638557434,0.007305939216166735,0.03323162719607353
373,1894,967,datasets/food_intake_dataset/carrot/lh/3_42.wav,chewing,carrot,male,,food_intake_dataset,chewing,0.9996987581253052,0.00014274794375523925,0.00015844395966269076
374,1895,307,datasets/food_intake_dataset/apple/cy/1_2.wav,chewing,apple,female,,food_intake_dataset,chewing,0.9371249079704285,0.04387138783931732,0.019003672525286674
375,1896,2366,datasets/food_intake_dataset/water/by/3_4.wav,chewing,water,male,,food_intake_dataset,chewing,0.6767028570175171,0.31248462200164795,0.010812493972480297
376,1897,1445,datasets/food_intake_dataset/patato_chips/by/1_36.wav,chewing,patato_chips,male,,food_intake_dataset,chewing,0.8769370317459106,0.042940862476825714,0.08012209087610245
377,1898,656,datasets/food_intake_dataset/carrot/cy/1_23.wav,chewing,carrot,female,,food_intake_dataset,chewing,0.9785820841789246,0.015149782411754131,0.006268213037401438
378,1899,1295,datasets/food_intake_dataset/cookie/lh/4_19.wav,chewing,cookie,male,,food_intake_dataset,chewing,0.9691609144210815,0.022656625136733055,0.008182451128959656
379,1900,1330,datasets/food_intake_dataset/cookie/wy/2_2.wav,chewing,cookie,female,,food_intake_dataset,chewing,0.9831398129463196,0.003978647291660309,0.012881502509117126
380,192,1403,datasets/food_intake_dataset/cookie/wy/5_13.wav,swallow,cookie,female,,food_intake_dataset,swallow,0.019969981163740158,0.9791737794876099,0.0008562830626033247
381,193,1523,datasets/food_intake_dataset/patato_chips/by/3_25.wav,swallow,patato_chips,male,,food_intake_dataset,swallow,0.09496579319238663,0.9030536413192749,0.0019806036725640297
382,194,2004,datasets/food_intake_dataset/walnut/by/3_10.wav,swallow,walnut,male,,food_intake_dataset,swallow,0.027433568611741066,0.9711704254150391,0.0013959661591798067
383,195,1693,datasets/food_intake_dataset/patato_chips/cy/3_20.wav,swallow,patato_chips,female,,food_intake_dataset,biting,0.4346520006656647,0.12120739370584488,0.44414061307907104
384,196,1468,datasets/food_intake_dataset/patato_chips/by/2_13.wav,swallow,patato_chips,male,,food_intake_dataset,swallow,0.3675541877746582,0.6285285353660583,0.003917302470654249
385,197,677,datasets/food_intake_dataset/carrot/cy/2_7.wav,swallow,carrot,female,,food_intake_dataset,swallow,0.07270097732543945,0.9055702686309814,0.02172878384590149
386,198,704,datasets/food_intake_dataset/carrot/cy/2_35.wav,swallow,carrot,female,,food_intake_dataset,swallow,0.18238073587417603,0.7951101660728455,0.022509049624204636
387,199,1029,datasets/food_intake_dataset/cookie/by/2_24.wav,swallow,cookie,male,,food_intake_dataset,swallow,0.04282018169760704,0.9557555317878723,0.0014242961769923568
388,200,2307,datasets/food_intake_dataset/walnut/lh/3_12.wav,swallow,walnut,male,,food_intake_dataset,swallow,0.18428653478622437,0.8024307489395142,0.01328270323574543
389,201,1590,datasets/food_intake_dataset/patato_chips/by/4_27.wav,swallow,patato_chips,male,,food_intake_dataset,swallow,0.048008982092142105,0.9502525329589844,0.0017385081155225635
390,202,227,datasets/food_intake_dataset/apple/by/2_15.wav,swallow,apple,male,,food_intake_dataset,swallow,0.017391281202435493,0.982468843460083,0.00013982485688757151
391,203,849,datasets/food_intake_dataset/carrot/gy/4_21.wav,swallow,carrot,male,,food_intake_dataset,swallow,0.025201546028256416,0.9746018648147583,0.00019660852558445185
392,204,212,datasets/food_intake_dataset/apple/by/1_36.wav,swallow,apple,male,,food_intake_dataset,swallow,0.11816781759262085,0.8768139481544495,0.00501816812902689
393,205,2121,datasets/food_intake_dataset/walnut/gy/1_13.wav,swallow,walnut,male,,food_intake_dataset,swallow,0.03518995642662048,0.9641220569610596,0.0006880215951241553
394,206,881,datasets/food_intake_dataset/carrot/lh/1_32.wav,swallow,carrot,male,,food_intake_dataset,swallow,0.07121849805116653,0.9270155429840088,0.0017658938886597753
395,207,1487,datasets/food_intake_dataset/patato_chips/by/2_32.wav,swallow,patato_chips,male,,food_intake_dataset,swallow,0.2909455895423889,0.6794012784957886,0.02965324930846691
396,208,2470,datasets/food_intake_dataset/water/wy/2_1.wav,swallow,water,female,,food_intake_dataset,biting,0.35475650429725647,0.1818501204252243,0.4633934199810028
397,209,334,datasets/food_intake_dataset/apple/cy/1_29.wav,swallow,apple,female,,food_intake_dataset,swallow,0.12966273725032806,0.8697051405906677,0.0006321005639620125
398,210,2083,datasets/food_intake_dataset/walnut/cy/3_13.wav,swallow,walnut,female,,food_intake_dataset,swallow,0.25626397132873535,0.7024614810943604,0.04127461090683937
399,211,1729,datasets/food_intake_dataset/patato_chips/cy/5_18.wav,swallow,patato_chips,female,,food_intake_dataset,chewing,0.5917412638664246,0.34116053581237793,0.06709813326597214
400,212,1245,datasets/food_intake_dataset/cookie/lh/2_19.wav,swallow,cookie,male,,food_intake_dataset,swallow,0.012060623615980148,0.9875907897949219,0.0003486495406832546
401,213,1615,datasets/food_intake_dataset/patato_chips/by/4_52.wav,swallow,patato_chips,male,,food_intake_dataset,chewing,0.5025390982627869,0.4882814586162567,0.009179472923278809
402,214,659,datasets/food_intake_dataset/carrot/cy/1_26.wav,swallow,carrot,female,,food_intake_dataset,swallow,0.39684879779815674,0.5664536952972412,0.03669753670692444
403,215,1358,datasets/food_intake_dataset/cookie/wy/3_7.wav,swallow,cookie,female,,food_intake_dataset,swallow,0.2636757791042328,0.7191053628921509,0.01721889153122902
404,216,2431,datasets/food_intake_dataset/water/lh/1_3.wav,swallow,water,male,,food_intake_dataset,chewing,0.6481879353523254,0.14450718462467194,0.207304909825325
405,217,2150,datasets/food_intake_dataset/walnut/gy/3_6.wav,swallow,walnut,male,,food_intake_dataset,swallow,0.30788543820381165,0.6825878620147705,0.00952672678977251
406,218,329,datasets/food_intake_dataset/apple/cy/1_24.wav,swallow,apple,female,,food_intake_dataset,chewing,0.6411737203598022,0.3397791385650635,0.019047163426876068
407,219,1335,datasets/food_intake_dataset/cookie/wy/2_7.wav,swallow,cookie,female,,food_intake_dataset,chewing,0.7094000577926636,0.20052264630794525,0.09007731825113297
408,220,1666,datasets/food_intake_dataset/patato_chips/cy/2_16.wav,swallow,patato_chips,female,,food_intake_dataset,chewing,0.7279187440872192,0.21252663433551788,0.05955459922552109
409,221,476,datasets/food_intake_dataset/apple/lh/2_37.wav,swallow,apple,male,,food_intake_dataset,swallow,0.3585646152496338,0.637808620929718,0.0036267838440835476
410,222,964,datasets/food_intake_dataset/carrot/lh/3_39.wav,swallow,carrot,male,,food_intake_dataset,chewing,0.6689665913581848,0.326011061668396,0.005022350233048201
411,223,1659,datasets/food_intake_dataset/patato_chips/cy/2_9.wav,swallow,patato_chips,female,,food_intake_dataset,chewing,0.9459593892097473,0.04492095112800598,0.009119756519794464
412,224,836,datasets/food_intake_dataset/carrot/gy/4_7.wav,swallow,carrot,male,,food_intake_dataset,swallow,0.02475355751812458,0.9745097160339355,0.0007367270300164819
413,225,894,datasets/food_intake_dataset/carrot/lh/2_13.wav,swallow,carrot,male,,food_intake_dataset,chewing,0.9931053519248962,0.0006465662154369056,0.006248127669095993
414,226,1754,datasets/food_intake_dataset/patato_chips/lh/2_12.wav,swallow,patato_chips,male,,food_intake_dataset,swallow,0.07932288199663162,0.9194542765617371,0.0012228854466229677
415,227,2448,datasets/food_intake_dataset/water/lh/4_1.wav,swallow,water,male,,food_intake_dataset,chewing,0.7578173279762268,0.16479356586933136,0.07738911360502243
416,228,1383,datasets/food_intake_dataset/cookie/wy/4_13.wav,swallow,cookie,female,,food_intake_dataset,swallow,0.05429784581065178,0.941214382648468,0.004487771540880203
417,229,2154,datasets/food_intake_dataset/walnut/gy/3_10.wav,swallow,walnut,male,,food_intake_dataset,swallow,0.40726980566978455,0.577817976474762,0.014912249520421028
418,230,1063,datasets/food_intake_dataset/cookie/by/4_12.wav,swallow,cookie,male,,food_intake_dataset,swallow,0.08724340796470642,0.9108403921127319,0.0019160835072398186
419,231,1276,datasets/food_intake_dataset/cookie/lh/3_31.wav,swallow,cookie,male,,food_intake_dataset,swallow,0.024851396679878235,0.9747176170349121,0.00043092810665257275
420,232,1216,datasets/food_intake_dataset/cookie/lh/1_11.wav,swallow,cookie,male,,food_intake_dataset,swallow,0.27462631464004517,0.7047189474105835,0.02065473422408104
421,233,2186,datasets/food_intake_dataset/walnut/gy/4_11.wav,swallow,walnut,male,,food_intake_dataset,swallow,0.08087018132209778,0.9188067317008972,0.00032314861891791224
422,234,2272,datasets/food_intake_dataset/walnut/lh/2_9.wav,swallow,walnut,male,,food_intake_dataset,swallow,0.15874654054641724,0.836236834526062,0.005016533192247152
423,235,198,datasets/food_intake_dataset/apple/by/1_22.wav,swallow,apple,male,,food_intake_dataset,chewing,0.6063945293426514,0.32796549797058105,0.06563989073038101
424,236,1916,datasets/food_intake_dataset/patato_chips/wy/2_16.wav,swallow,patato_chips,female,,food_intake_dataset,swallow,0.06514409184455872,0.9343393445014954,0.0005165731417946517
425,237,1706,datasets/food_intake_dataset/patato_chips/cy/4_13.wav,swallow,patato_chips,female,,food_intake_dataset,swallow,0.3195783495903015,0.48853322863578796,0.1918884813785553
426,238,516,datasets/food_intake_dataset/carrot/by/1_14.wav,swallow,carrot,male,,food_intake_dataset,swallow,0.4161215126514435,0.5380659103393555,0.04581264778971672
427,239,1866,datasets/food_intake_dataset/patato_chips/lh/4_26.wav,swallow,patato_chips,male,,food_intake_dataset,swallow,0.06822337955236435,0.9176731109619141,0.01410343125462532
428,90,330,datasets/food_intake_dataset/apple/cy/1_25.wav,biting,apple,female,,food_intake_dataset,biting,0.2276766002178192,0.12262701988220215,0.6496963500976562
429,91,2333,datasets/food_intake_dataset/water/by/1_20.wav,biting,water,male,,food_intake_dataset,chewing,0.8102336525917053,0.04951885715126991,0.14024750888347626
430,92,830,datasets/food_intake_dataset/carrot/gy/4_1.wav,biting,carrot,male,,food_intake_dataset,chewing,0.935413122177124,0.014548507519066334,0.0500384196639061
431,93,2331,datasets/food_intake_dataset/water/by/1_18.wav,biting,water,male,,food_intake_dataset,chewing,0.8896050453186035,0.045581068843603134,0.06481390446424484
432,94,2462,datasets/food_intake_dataset/water/wy/1_7.wav,biting,water,female,,food_intake_dataset,chewing,0.9961031675338745,0.0018933737883344293,0.0020034615881741047
433,95,660,datasets/food_intake_dataset/carrot/cy/1_27.wav,biting,carrot,female,,food_intake_dataset,chewing,0.9235594272613525,0.025166187435388565,0.0512743704020977
434,96,2348,datasets/food_intake_dataset/water/by/2_12.wav,biting,water,male,,food_intake_dataset,chewing,0.6580095291137695,0.10843433439731598,0.23355615139007568
435,97,2398,datasets/food_intake_dataset/water/cy/2_11.wav,biting,water,female,,food_intake_dataset,chewing,0.6352683305740356,0.20181015133857727,0.1629214882850647
436,98,762,datasets/food_intake_dataset/carrot/gy/1_18.wav,biting,carrot,male,,food_intake_dataset,chewing,0.81468266248703,0.08750790357589722,0.09780944883823395
437,99,895,datasets/food_intake_dataset/carrot/lh/2_14.wav,biting,carrot,male,,food_intake_dataset,chewing,0.76988685131073,0.056459806859493256,0.17365336418151855
438,100,2358,datasets/food_intake_dataset/water/by/2_22.wav,biting,water,male,,food_intake_dataset,chewing,0.8668221235275269,0.06265895813703537,0.070518858730793
439,101,2472,datasets/food_intake_dataset/water/wy/2_3.wav,biting,water,female,,food_intake_dataset,biting,0.08819364011287689,0.10516843944787979,0.8066378831863403
440,102,2360,datasets/food_intake_dataset/water/by/2_24.wav,biting,water,male,,food_intake_dataset,chewing,0.9298805594444275,0.01569509319961071,0.05442435294389725
441,103,883,datasets/food_intake_dataset/carrot/lh/2_2.wav,biting,carrot,male,,food_intake_dataset,chewing,0.7677731513977051,0.022945178672671318,0.20928163826465607
442,104,2323,datasets/food_intake_dataset/water/by/1_10.wav,biting,water,male,,food_intake_dataset,chewing,0.640687108039856,0.04463054984807968,0.31468236446380615
443,105,2392,datasets/food_intake_dataset/water/cy/2_5.wav,biting,water,female,,food_intake_dataset,chewing,0.9767333269119263,0.01319664902985096,0.010069973766803741
444,106,2376,datasets/food_intake_dataset/water/cy/1_5.wav,biting,water,female,,food_intake_dataset,chewing,0.5318266153335571,0.06958770751953125,0.39858564734458923
445,107,2477,datasets/food_intake_dataset/water/wy/2_8.wav,biting,water,female,,food_intake_dataset,swallow,0.3222844898700714,0.5180429816246033,0.15967251360416412
446,108,2384,datasets/food_intake_dataset/water/cy/1_14.wav,biting,water,female,,food_intake_dataset,chewing,0.6795607805252075,0.03473557159304619,0.2857036590576172
447,109,859,datasets/food_intake_dataset/carrot/lh/1_10.wav,biting,carrot,male,,food_intake_dataset,chewing,0.9523587226867676,0.030810432508587837,0.016830846667289734
448,110,503,datasets/food_intake_dataset/carrot/by/1_1.wav,biting,carrot,male,,food_intake_dataset,swallow,0.04516201466321945,0.9522368907928467,0.0026011215522885323
449,111,2402,datasets/food_intake_dataset/water/cy/2_15.wav,biting,water,female,,food_intake_dataset,swallow,0.10555414855480194,0.5973829627037048,0.29706287384033203
