,index,path,variant,food,sex,other_labels,source,predicted,predicted_score
1848,491,datasets/food_intake_dataset/apple/lh/3_15.wav,chewing,apple,male,,food_intake_dataset,chewing,0.9747709631919861
1849,953,datasets/food_intake_dataset/carrot/lh/3_17.wav,chewing,carrot,male,,food_intake_dataset,chewing,0.9999773502349854
1850,1097,datasets/food_intake_dataset/cookie/by/4_46.wav,swallow,cookie,male,,food_intake_dataset,chewing,0.7854978442192078
1851,1032,datasets/food_intake_dataset/cookie/by/3_3.wav,chewing,cookie,male,,food_intake_dataset,chewing,0.991285502910614
1852,587,datasets/food_intake_dataset/carrot/by/4_13.wav,chewing,carrot,male,,food_intake_dataset,chewing,0.9510766267776489
1853,750,datasets/food_intake_dataset/carrot/gy/1_6.wav,chewing,carrot,male,,food_intake_dataset,chewing,0.9967426657676697
1854,657,datasets/food_intake_dataset/carrot/cy/1_24.wav,chewing,carrot,female,,food_intake_dataset,chewing,0.8940891623497009
1855,1866,datasets/food_intake_dataset/patato_chips/lh/4_26.wav,swallow,patato_chips,male,,food_intake_dataset,swallow,0.9651031494140625
1856,234,datasets/food_intake_dataset/apple/by/2_22.wav,chewing,apple,male,,food_intake_dataset,chewing,0.9984847903251648
1857,732,datasets/food_intake_dataset/carrot/cy/3_11.wav,chewing,carrot,female,,food_intake_dataset,chewing,0.91274094581604
1858,2480,datasets/food_intake_dataset/water/wy/2_11.wav,chewing,water,female,,food_intake_dataset,chewing,0.9996218681335449
1859,1186,datasets/food_intake_dataset/cookie/cy/4_18.wav,chewing,cookie,female,,food_intake_dataset,chewing,0.9529724717140198
1860,1156,datasets/food_intake_dataset/cookie/cy/3_20.wav,chewing,cookie,female,,food_intake_dataset,chewing,0.9994016885757446
1861,2127,datasets/food_intake_dataset/walnut/gy/1_19.wav,swallow,walnut,male,,food_intake_dataset,chewing,0.8715341687202454
1862,1246,datasets/food_intake_dataset/cookie/lh/3_1.wav,chewing,cookie,male,,food_intake_dataset,chewing,0.99978107213974
1863,2241,datasets/food_intake_dataset/walnut/gy/5_38.wav,swallow,walnut,male,,food_intake_dataset,chewing,0.743242084980011
1864,934,datasets/food_intake_dataset/carrot/lh/2_53.wav,chewing,carrot,male,,food_intake_dataset,other,0.4003448486328125
1865,1209,datasets/food_intake_dataset/cookie/lh/1_4.wav,chewing,cookie,male,,food_intake_dataset,chewing,0.9997755885124207
1866,1065,datasets/food_intake_dataset/cookie/by/4_14.wav,chewing,cookie,male,,food_intake_dataset,chewing,0.9931729435920715
1867,1716,datasets/food_intake_dataset/patato_chips/cy/5_5.wav,swallow,patato_chips,female,,food_intake_dataset,chewing,0.876807451248169
1868,1062,datasets/food_intake_dataset/cookie/by/4_11.wav,chewing,cookie,male,,food_intake_dataset,chewing,0.8388946056365967
1869,568,datasets/food_intake_dataset/carrot/by/3_8.wav,chewing,carrot,male,,food_intake_dataset,chewing,0.9996088147163391
1870,1167,datasets/food_intake_dataset/cookie/cy/3_31.wav,chewing,cookie,female,,food_intake_dataset,chewing,0.9962490200996399
1871,1174,datasets/food_intake_dataset/cookie/cy/4_6.wav,chewing,cookie,female,,food_intake_dataset,chewing,0.9999642372131348
1872,1588,datasets/food_intake_dataset/patato_chips/by/4_24.wav,chewing,patato_chips,male,,food_intake_dataset,chewing,0.5770934820175171
1873,1507,datasets/food_intake_dataset/patato_chips/by/3_9.wav,chewing,patato_chips,male,,food_intake_dataset,chewing,0.9991725087165833
1874,1492,datasets/food_intake_dataset/patato_chips/by/2_37.wav,chewing,patato_chips,male,,food_intake_dataset,chewing,0.9166901707649231
1875,890,datasets/food_intake_dataset/carrot/lh/2_9.wav,chewing,carrot,male,,food_intake_dataset,chewing,0.8815240263938904
1876,947,datasets/food_intake_dataset/carrot/lh/3_11.wav,chewing,carrot,male,,food_intake_dataset,other,0.42033782601356506
1877,1048,datasets/food_intake_dataset/cookie/by/3_19.wav,chewing,cookie,male,,food_intake_dataset,chewing,0.5509622693061829
1878,2044,datasets/food_intake_dataset/walnut/cy/1_8.wav,chewing,walnut,female,,food_intake_dataset,chewing,0.9991576671600342
1879,2063,datasets/food_intake_dataset/walnut/cy/2_10.wav,chewing,walnut,female,,food_intake_dataset,chewing,0.8959788084030151
1880,2112,datasets/food_intake_dataset/walnut/gy/1_3.wav,chewing,walnut,male,,food_intake_dataset,chewing,0.9401891231536865
1881,884,datasets/food_intake_dataset/carrot/lh/2_3.wav,chewing,carrot,male,,food_intake_dataset,chewing,0.9998766183853149
1882,2440,datasets/food_intake_dataset/water/lh/2_3.wav,chewing,water,male,,food_intake_dataset,chewing,0.9911863207817078
1883,2176,datasets/food_intake_dataset/walnut/gy/4_1.wav,chewing,walnut,male,,food_intake_dataset,chewing,0.9835265278816223
1884,850,datasets/food_intake_dataset/carrot/lh/1_1.wav,biting,carrot,male,,food_intake_dataset,chewing,0.9323662519454956
1885,1587,datasets/food_intake_dataset/patato_chips/by/4_23.wav,chewing,patato_chips,male,,food_intake_dataset,chewing,0.9387446641921997
1886,1407,datasets/food_intake_dataset/cookie/wy/5_17.wav,chewing,cookie,female,,food_intake_dataset,chewing,0.9993423819541931
1887,734,datasets/food_intake_dataset/carrot/cy/3_13.wav,chewing,carrot,female,,food_intake_dataset,chewing,0.8609931468963623
1888,717,datasets/food_intake_dataset/carrot/cy/2_48.wav,chewing,carrot,female,,food_intake_dataset,chewing,0.9905580282211304
1889,2359,datasets/food_intake_dataset/water/by/2_23.wav,biting,water,male,,food_intake_dataset,chewing,0.5110985040664673
1890,454,datasets/food_intake_dataset/apple/lh/2_15.wav,chewing,apple,male,,food_intake_dataset,chewing,0.9853796362876892
1891,264,datasets/food_intake_dataset/apple/by/3_6.wav,chewing,apple,male,,food_intake_dataset,chewing,0.9902763366699219
1892,1938,datasets/food_intake_dataset/patato_chips/wy/4_4.wav,chewing,patato_chips,female,,food_intake_dataset,chewing,0.8130771517753601
1893,1256,datasets/food_intake_dataset/cookie/lh/3_11.wav,chewing,cookie,male,,food_intake_dataset,chewing,0.99977046251297
1894,444,datasets/food_intake_dataset/apple/lh/2_5.wav,chewing,apple,male,,food_intake_dataset,chewing,0.7508413195610046
1895,395,datasets/food_intake_dataset/apple/cy/3_15.wav,chewing,apple,female,,food_intake_dataset,chewing,0.9999731779098511
1896,2105,datasets/food_intake_dataset/walnut/cy/4_12.wav,swallow,walnut,female,,food_intake_dataset,chewing,0.9981752634048462
1897,1042,datasets/food_intake_dataset/cookie/by/3_13.wav,chewing,cookie,male,,food_intake_dataset,chewing,0.9928895235061646
1898,2323,datasets/food_intake_dataset/water/by/1_10.wav,biting,water,male,,food_intake_dataset,chewing,0.6001010537147522
1899,396,datasets/food_intake_dataset/apple/cy/3_16.wav,chewing,apple,female,,food_intake_dataset,chewing,0.9237257838249207
1900,1365,datasets/food_intake_dataset/cookie/wy/3_14.wav,chewing,cookie,female,,food_intake_dataset,chewing,0.9726406335830688
1901,2066,datasets/food_intake_dataset/walnut/cy/2_13.wav,chewing,walnut,female,,food_intake_dataset,chewing,0.8452237844467163
1902,1903,datasets/food_intake_dataset/patato_chips/wy/2_3.wav,chewing,patato_chips,female,,food_intake_dataset,chewing,0.9984837174415588
1903,595,datasets/food_intake_dataset/carrot/by/4_21.wav,chewing,carrot,male,,food_intake_dataset,chewing,0.9999468326568604
1904,1296,datasets/food_intake_dataset/cookie/lh/4_20.wav,chewing,cookie,male,,food_intake_dataset,chewing,0.9979161620140076
1905,1821,datasets/food_intake_dataset/patato_chips/lh/3_36.wav,chewing,patato_chips,male,,food_intake_dataset,chewing,0.5150817036628723
1906,872,datasets/food_intake_dataset/carrot/lh/1_23.wav,chewing,carrot,male,,food_intake_dataset,chewing,0.9999678134918213
1907,1548,datasets/food_intake_dataset/patato_chips/by/3_50.wav,chewing,patato_chips,male,,food_intake_dataset,chewing,0.9964998960494995
1908,2089,datasets/food_intake_dataset/walnut/cy/3_19.wav,chewing,walnut,female,,food_intake_dataset,chewing,0.999363124370575
1909,2111,datasets/food_intake_dataset/walnut/gy/1_1.wav,chewing,walnut,male,,food_intake_dataset,chewing,0.9683349132537842
1910,977,datasets/food_intake_dataset/carrot/lh/3_52.wav,chewing,carrot,male,,food_intake_dataset,chewing,0.9445310831069946
1911,1571,datasets/food_intake_dataset/patato_chips/by/4_6.wav,chewing,patato_chips,male,,food_intake_dataset,chewing,0.964053213596344
1912,1122,datasets/food_intake_dataset/cookie/cy/2_10.wav,chewing,cookie,female,,food_intake_dataset,chewing,0.9995249509811401
1913,1892,datasets/food_intake_dataset/patato_chips/wy/1_8.wav,chewing,patato_chips,female,,food_intake_dataset,chewing,0.9977529644966125
1914,675,datasets/food_intake_dataset/carrot/cy/2_5.wav,chewing,carrot,female,,food_intake_dataset,chewing,0.9587401151657104
1915,728,datasets/food_intake_dataset/carrot/cy/3_7.wav,swallow,carrot,female,,food_intake_dataset,chewing,0.997919499874115
1916,412,datasets/food_intake_dataset/apple/lh/1_5.wav,chewing,apple,male,,food_intake_dataset,biting,0.6017160415649414
1917,1516,datasets/food_intake_dataset/patato_chips/by/3_18.wav,chewing,patato_chips,male,,food_intake_dataset,biting,0.5023432374000549
1918,1649,datasets/food_intake_dataset/patato_chips/cy/1_19.wav,chewing,patato_chips,female,,food_intake_dataset,chewing,0.9919605851173401
1919,825,datasets/food_intake_dataset/carrot/gy/3_10.wav,chewing,carrot,male,,food_intake_dataset,chewing,0.6465176343917847
1920,616,datasets/food_intake_dataset/carrot/by/4_42.wav,chewing,carrot,male,,food_intake_dataset,chewing,0.9876740574836731
1921,417,datasets/food_intake_dataset/apple/lh/1_10.wav,chewing,apple,male,,food_intake_dataset,chewing,0.9416061043739319
1922,1625,datasets/food_intake_dataset/patato_chips/by/4_62.wav,chewing,patato_chips,male,,food_intake_dataset,chewing,0.6996777653694153
1923,2438,datasets/food_intake_dataset/water/lh/2_1.wav,chewing,water,male,,food_intake_dataset,chewing,0.997536301612854
1924,753,datasets/food_intake_dataset/carrot/gy/1_9.wav,chewing,carrot,male,,food_intake_dataset,chewing,0.9955390095710754
1925,1630,datasets/food_intake_dataset/patato_chips/by/4_67.wav,swallow,patato_chips,male,,food_intake_dataset,chewing,0.949770450592041
1926,284,datasets/food_intake_dataset/apple/by/3_26.wav,chewing,apple,male,,food_intake_dataset,chewing,0.776685357093811
1927,1066,datasets/food_intake_dataset/cookie/by/4_15.wav,chewing,cookie,male,,food_intake_dataset,biting,0.6149837970733643
1928,1191,datasets/food_intake_dataset/cookie/cy/4_23.wav,chewing,cookie,female,,food_intake_dataset,chewing,0.9990589022636414
1929,1440,datasets/food_intake_dataset/patato_chips/by/1_31.wav,chewing,patato_chips,male,,food_intake_dataset,chewing,0.9814431071281433
1930,2325,datasets/food_intake_dataset/water/by/1_12.wav,biting,water,male,,food_intake_dataset,chewing,0.9494622349739075
1931,2468,datasets/food_intake_dataset/water/wy/1_13.wav,biting,water,female,,food_intake_dataset,biting,0.821073055267334
1932,2245,datasets/food_intake_dataset/walnut/lh/1_4.wav,chewing,walnut,male,,food_intake_dataset,chewing,0.8626782298088074
1933,1568,datasets/food_intake_dataset/patato_chips/by/4_3.wav,chewing,patato_chips,male,,food_intake_dataset,chewing,0.9999052286148071
1934,2131,datasets/food_intake_dataset/walnut/gy/2_4.wav,chewing,walnut,male,,food_intake_dataset,chewing,0.998770534992218
1935,1687,datasets/food_intake_dataset/patato_chips/cy/3_14.wav,chewing,patato_chips,female,,food_intake_dataset,chewing,0.9996514320373535
1936,851,datasets/food_intake_dataset/carrot/lh/1_2.wav,chewing,carrot,male,,food_intake_dataset,chewing,0.9996923208236694
1937,895,datasets/food_intake_dataset/carrot/lh/2_14.wav,biting,carrot,male,,food_intake_dataset,other,0.9478893876075745
1938,496,datasets/food_intake_dataset/apple/lh/3_20.wav,chewing,apple,male,,food_intake_dataset,chewing,0.9941791296005249
1939,1782,datasets/food_intake_dataset/patato_chips/lh/2_40.wav,chewing,patato_chips,male,,food_intake_dataset,other,0.6370068192481995
1940,335,datasets/food_intake_dataset/apple/cy/1_30.wav,chewing,apple,female,,food_intake_dataset,chewing,0.995457649230957
1941,515,datasets/food_intake_dataset/carrot/by/1_13.wav,chewing,carrot,male,,food_intake_dataset,chewing,0.9192786812782288
1942,1348,datasets/food_intake_dataset/cookie/wy/2_20.wav,chewing,cookie,female,,food_intake_dataset,chewing,0.999972939491272
1943,1015,datasets/food_intake_dataset/cookie/by/2_10.wav,swallow,cookie,male,,food_intake_dataset,chewing,0.6725984811782837
1944,2331,datasets/food_intake_dataset/water/by/1_18.wav,biting,water,male,,food_intake_dataset,chewing,0.6345967650413513
1945,1781,datasets/food_intake_dataset/patato_chips/lh/2_39.wav,chewing,patato_chips,male,,food_intake_dataset,chewing,0.7352815270423889
1946,1785,datasets/food_intake_dataset/patato_chips/lh/2_43.wav,swallow,patato_chips,male,,food_intake_dataset,chewing,0.5616585612297058
1947,2070,datasets/food_intake_dataset/walnut/cy/2_17.wav,chewing,walnut,female,,food_intake_dataset,chewing,0.9925810098648071
1948,356,datasets/food_intake_dataset/apple/cy/2_7.wav,chewing,apple,female,,food_intake_dataset,chewing,0.7526004910469055
1949,2366,datasets/food_intake_dataset/water/by/3_4.wav,chewing,water,male,,food_intake_dataset,chewing,0.9840806126594543
1950,1312,datasets/food_intake_dataset/cookie/wy/1_7.wav,chewing,cookie,female,,food_intake_dataset,chewing,0.9525261521339417
1951,1635,datasets/food_intake_dataset/patato_chips/cy/1_5.wav,chewing,patato_chips,female,,food_intake_dataset,chewing,0.9992220401763916
1952,550,datasets/food_intake_dataset/carrot/by/2_14.wav,chewing,carrot,male,,food_intake_dataset,chewing,0.997238039970398
1953,1227,datasets/food_intake_dataset/cookie/lh/2_2.wav,chewing,cookie,male,,food_intake_dataset,chewing,0.9939852356910706
1954,2218,datasets/food_intake_dataset/walnut/gy/5_14.wav,chewing,walnut,male,,food_intake_dataset,chewing,0.8966236114501953
1955,957,datasets/food_intake_dataset/carrot/lh/3_21.wav,chewing,carrot,male,,food_intake_dataset,chewing,0.9997645020484924
1956,1773,datasets/food_intake_dataset/patato_chips/lh/2_31.wav,biting,patato_chips,male,,food_intake_dataset,chewing,0.8442701101303101
1957,1008,datasets/food_intake_dataset/cookie/by/2_3.wav,chewing,cookie,male,,food_intake_dataset,chewing,0.9999450445175171
1958,1092,datasets/food_intake_dataset/cookie/by/4_41.wav,chewing,cookie,male,,food_intake_dataset,chewing,0.999916672706604
1959,2212,datasets/food_intake_dataset/walnut/gy/5_8.wav,chewing,walnut,male,,food_intake_dataset,chewing,0.7849088907241821
1960,996,datasets/food_intake_dataset/cookie/by/1_15.wav,chewing,cookie,male,,food_intake_dataset,chewing,0.9973451495170593
1961,1679,datasets/food_intake_dataset/patato_chips/cy/3_6.wav,swallow,patato_chips,female,,food_intake_dataset,chewing,0.8247902989387512
1962,580,datasets/food_intake_dataset/carrot/by/4_6.wav,chewing,carrot,male,,food_intake_dataset,chewing,0.9909283518791199
1963,1470,datasets/food_intake_dataset/patato_chips/by/2_15.wav,chewing,patato_chips,male,,food_intake_dataset,chewing,0.9916037917137146
1964,703,datasets/food_intake_dataset/carrot/cy/2_34.wav,chewing,carrot,female,,food_intake_dataset,chewing,0.9741896986961365
1965,1212,datasets/food_intake_dataset/cookie/lh/1_7.wav,chewing,cookie,male,,food_intake_dataset,chewing,0.3761316239833832
1966,896,datasets/food_intake_dataset/carrot/lh/2_15.wav,chewing,carrot,male,,food_intake_dataset,chewing,0.9890201687812805
1967,487,datasets/food_intake_dataset/apple/lh/3_11.wav,chewing,apple,male,,food_intake_dataset,chewing,0.9990744590759277
1968,559,datasets/food_intake_dataset/carrot/by/2_23.wav,swallow,carrot,male,,food_intake_dataset,chewing,0.9565357565879822
1969,1141,datasets/food_intake_dataset/cookie/cy/3_5.wav,chewing,cookie,female,,food_intake_dataset,chewing,0.9583677053451538
1970,1119,datasets/food_intake_dataset/cookie/cy/2_7.wav,chewing,cookie,female,,food_intake_dataset,chewing,0.9958134293556213
1971,512,datasets/food_intake_dataset/carrot/by/1_10.wav,chewing,carrot,male,,food_intake_dataset,chewing,0.9975265860557556
1972,633,datasets/food_intake_dataset/carrot/by/4_60.wav,swallow,carrot,male,,food_intake_dataset,chewing,0.9998477697372437
1973,2138,datasets/food_intake_dataset/walnut/gy/2_11.wav,chewing,walnut,male,,food_intake_dataset,chewing,0.9992985725402832
1974,1664,datasets/food_intake_dataset/patato_chips/cy/2_14.wav,chewing,patato_chips,female,,food_intake_dataset,chewing,0.9971309900283813
1975,1012,datasets/food_intake_dataset/cookie/by/2_7.wav,chewing,cookie,male,,food_intake_dataset,other,0.45462825894355774
1976,1931,datasets/food_intake_dataset/patato_chips/wy/3_15.wav,chewing,patato_chips,female,,food_intake_dataset,chewing,0.9981246590614319
1977,1150,datasets/food_intake_dataset/cookie/cy/3_14.wav,chewing,cookie,female,,food_intake_dataset,chewing,0.9771654605865479
1978,2328,datasets/food_intake_dataset/water/by/1_15.wav,biting,water,male,,food_intake_dataset,chewing,0.848894476890564
1979,740,datasets/food_intake_dataset/carrot/cy/3_19.wav,chewing,carrot,female,,food_intake_dataset,chewing,0.9147837162017822
1980,2292,datasets/food_intake_dataset/walnut/lh/2_29.wav,chewing,walnut,male,,food_intake_dataset,chewing,0.9694786667823792
1981,1974,datasets/food_intake_dataset/walnut/by/1_13.wav,chewing,walnut,male,,food_intake_dataset,chewing,0.9900171160697937
1982,1081,datasets/food_intake_dataset/cookie/by/4_30.wav,chewing,cookie,male,,food_intake_dataset,chewing,0.9999732971191406
1983,1810,datasets/food_intake_dataset/patato_chips/lh/3_25.wav,swallow,patato_chips,male,,food_intake_dataset,swallow,0.9938040971755981
1984,830,datasets/food_intake_dataset/carrot/gy/4_1.wav,biting,carrot,male,,food_intake_dataset,chewing,0.9942383766174316
1985,656,datasets/food_intake_dataset/carrot/cy/1_23.wav,chewing,carrot,female,,food_intake_dataset,chewing,0.9922989010810852
1986,2266,datasets/food_intake_dataset/walnut/lh/2_3.wav,chewing,walnut,male,,food_intake_dataset,chewing,0.8099102973937988
1987,2227,datasets/food_intake_dataset/walnut/gy/5_23.wav,chewing,walnut,male,,food_intake_dataset,chewing,0.9981168508529663
1988,2432,datasets/food_intake_dataset/water/lh/1_4.wav,chewing,water,male,,food_intake_dataset,chewing,0.9940305352210999
1989,635,datasets/food_intake_dataset/carrot/cy/1_2.wav,chewing,carrot,female,,food_intake_dataset,chewing,0.7518413066864014
1990,369,datasets/food_intake_dataset/apple/cy/2_20.wav,biting,apple,female,,food_intake_dataset,biting,0.9390665292739868
1991,268,datasets/food_intake_dataset/apple/by/3_10.wav,chewing,apple,male,,food_intake_dataset,chewing,0.9855930209159851
1992,991,datasets/food_intake_dataset/cookie/by/1_10.wav,chewing,cookie,male,,food_intake_dataset,biting,0.8821498155593872
1993,876,datasets/food_intake_dataset/carrot/lh/1_27.wav,chewing,carrot,male,,food_intake_dataset,chewing,0.9731296300888062
1994,773,datasets/food_intake_dataset/carrot/gy/1_29.wav,chewing,carrot,male,,food_intake_dataset,chewing,0.9977633953094482
1995,1219,datasets/food_intake_dataset/cookie/lh/1_14.wav,chewing,cookie,male,,food_intake_dataset,chewing,0.9996926784515381
1996,1126,datasets/food_intake_dataset/cookie/cy/2_14.wav,chewing,cookie,female,,food_intake_dataset,chewing,0.9999998807907104
1997,1595,datasets/food_intake_dataset/patato_chips/by/4_32.wav,chewing,patato_chips,male,,food_intake_dataset,chewing,0.9999749660491943
1998,1077,datasets/food_intake_dataset/cookie/by/4_26.wav,chewing,cookie,male,,food_intake_dataset,chewing,0.9960253238677979
1999,837,datasets/food_intake_dataset/carrot/gy/4_8.wav,chewing,carrot,male,,food_intake_dataset,chewing,0.9546717405319214
2000,681,datasets/food_intake_dataset/carrot/cy/2_11.wav,chewing,carrot,female,,food_intake_dataset,chewing,0.9999593496322632
2001,1715,datasets/food_intake_dataset/patato_chips/cy/5_4.wav,chewing,patato_chips,female,,food_intake_dataset,chewing,0.9920393228530884
2002,1148,datasets/food_intake_dataset/cookie/cy/3_12.wav,chewing,cookie,female,,food_intake_dataset,chewing,0.9988590478897095
2003,574,datasets/food_intake_dataset/carrot/by/3_14.wav,chewing,carrot,male,,food_intake_dataset,biting,0.9917015433311462
2004,853,datasets/food_intake_dataset/carrot/lh/1_4.wav,chewing,carrot,male,,food_intake_dataset,chewing,0.9973159432411194
2005,1982,datasets/food_intake_dataset/walnut/by/1_21.wav,chewing,walnut,male,,food_intake_dataset,chewing,0.9961957931518555
2006,1823,datasets/food_intake_dataset/patato_chips/lh/3_38.wav,swallow,patato_chips,male,,food_intake_dataset,chewing,0.9848526120185852
2007,833,datasets/food_intake_dataset/carrot/gy/4_4.wav,chewing,carrot,male,,food_intake_dataset,chewing,0.990242063999176
2008,1115,datasets/food_intake_dataset/cookie/cy/2_3.wav,chewing,cookie,female,,food_intake_dataset,chewing,0.9955551028251648
2009,1166,datasets/food_intake_dataset/cookie/cy/3_30.wav,chewing,cookie,female,,food_intake_dataset,chewing,0.9368531107902527
2010,1906,datasets/food_intake_dataset/patato_chips/wy/2_6.wav,chewing,patato_chips,female,,food_intake_dataset,chewing,0.9992695450782776
2011,971,datasets/food_intake_dataset/carrot/lh/3_46.wav,chewing,carrot,male,,food_intake_dataset,chewing,0.9892200827598572
2012,399,datasets/food_intake_dataset/apple/cy/3_19.wav,chewing,apple,female,,food_intake_dataset,chewing,0.9998328685760498
2013,684,datasets/food_intake_dataset/carrot/cy/2_15.wav,chewing,carrot,female,,food_intake_dataset,chewing,0.973893940448761
2014,2350,datasets/food_intake_dataset/water/by/2_14.wav,biting,water,male,,food_intake_dataset,chewing,0.8083063960075378
2015,524,datasets/food_intake_dataset/carrot/by/1_22.wav,chewing,carrot,male,,food_intake_dataset,chewing,0.9996347427368164
2016,920,datasets/food_intake_dataset/carrot/lh/2_39.wav,chewing,carrot,male,,food_intake_dataset,chewing,0.9757882952690125
2017,1841,datasets/food_intake_dataset/patato_chips/lh/4_1.wav,chewing,patato_chips,male,,food_intake_dataset,chewing,0.9999570846557617
2018,1890,datasets/food_intake_dataset/patato_chips/wy/1_6.wav,swallow,patato_chips,female,,food_intake_dataset,chewing,0.7199650406837463
2019,537,datasets/food_intake_dataset/carrot/by/2_1.wav,biting,carrot,male,,food_intake_dataset,chewing,0.9985224604606628
2020,1705,datasets/food_intake_dataset/patato_chips/cy/4_12.wav,chewing,patato_chips,female,,food_intake_dataset,chewing,0.8763279318809509
2021,2431,datasets/food_intake_dataset/water/lh/1_3.wav,swallow,water,male,,food_intake_dataset,chewing,0.9492530226707458
2022,245,datasets/food_intake_dataset/apple/by/2_33.wav,chewing,apple,male,,food_intake_dataset,chewing,0.9994502663612366
2023,784,datasets/food_intake_dataset/carrot/gy/1_40.wav,chewing,carrot,male,,food_intake_dataset,chewing,0.992004930973053
2024,1409,datasets/food_intake_dataset/cookie/wy/5_19.wav,swallow,cookie,female,,food_intake_dataset,chewing,0.626174807548523
2025,1686,datasets/food_intake_dataset/patato_chips/cy/3_13.wav,chewing,patato_chips,female,,food_intake_dataset,chewing,0.9992196559906006
2026,625,datasets/food_intake_dataset/carrot/by/4_51.wav,chewing,carrot,male,,food_intake_dataset,chewing,0.9991893172264099
2027,2384,datasets/food_intake_dataset/water/cy/1_14.wav,biting,water,female,,food_intake_dataset,biting,0.9392279386520386
2028,1346,datasets/food_intake_dataset/cookie/wy/2_18.wav,chewing,cookie,female,,food_intake_dataset,chewing,1.0
2029,569,datasets/food_intake_dataset/carrot/by/3_9.wav,chewing,carrot,male,,food_intake_dataset,chewing,0.9999668598175049
2030,1758,datasets/food_intake_dataset/patato_chips/lh/2_16.wav,chewing,patato_chips,male,,food_intake_dataset,chewing,0.9856954216957092
2031,1816,datasets/food_intake_dataset/patato_chips/lh/3_31.wav,chewing,patato_chips,male,,food_intake_dataset,chewing,0.9595680236816406
2032,2065,datasets/food_intake_dataset/walnut/cy/2_12.wav,chewing,walnut,female,,food_intake_dataset,chewing,0.9997486472129822
2033,2467,datasets/food_intake_dataset/water/wy/1_12.wav,chewing,water,female,,food_intake_dataset,chewing,0.9979774355888367
2034,2006,datasets/food_intake_dataset/walnut/by/3_12.wav,chewing,walnut,male,,food_intake_dataset,chewing,0.9995899796485901
2035,980,datasets/food_intake_dataset/carrot/lh/3_55.wav,chewing,carrot,male,,food_intake_dataset,chewing,0.8932190537452698
2036,190,datasets/food_intake_dataset/apple/by/1_14.wav,chewing,apple,male,,food_intake_dataset,chewing,0.9921843409538269
2037,1139,datasets/food_intake_dataset/cookie/cy/3_3.wav,chewing,cookie,female,,food_intake_dataset,chewing,0.9989591836929321
2038,992,datasets/food_intake_dataset/cookie/by/1_11.wav,swallow,cookie,male,,food_intake_dataset,chewing,0.5440388321876526
2039,699,datasets/food_intake_dataset/carrot/cy/2_30.wav,chewing,carrot,female,,food_intake_dataset,chewing,0.9999979734420776
2040,606,datasets/food_intake_dataset/carrot/by/4_32.wav,chewing,carrot,male,,food_intake_dataset,chewing,0.9999512434005737
2041,180,datasets/food_intake_dataset/apple/by/1_4.wav,chewing,apple,male,,food_intake_dataset,chewing,0.8990762233734131
2042,301,datasets/food_intake_dataset/apple/by/3_43.wav,chewing,apple,male,,food_intake_dataset,chewing,0.9980619549751282
2043,1060,datasets/food_intake_dataset/cookie/by/4_9.wav,chewing,cookie,male,,food_intake_dataset,chewing,0.9436464905738831
2044,2342,datasets/food_intake_dataset/water/by/2_6.wav,biting,water,male,,food_intake_dataset,chewing,0.5958214998245239
2045,2385,datasets/food_intake_dataset/water/cy/1_15.wav,chewing,water,female,,food_intake_dataset,biting,0.510846734046936
2046,1069,datasets/food_intake_dataset/cookie/by/4_18.wav,chewing,cookie,male,,food_intake_dataset,chewing,0.9998657703399658
2047,2205,datasets/food_intake_dataset/walnut/gy/5_1.wav,chewing,walnut,male,,food_intake_dataset,chewing,0.9530996084213257
2048,1243,datasets/food_intake_dataset/cookie/lh/2_17.wav,chewing,cookie,male,,food_intake_dataset,chewing,0.9255487322807312
2049,2470,datasets/food_intake_dataset/water/wy/2_1.wav,swallow,water,female,,food_intake_dataset,chewing,0.5294286608695984
2050,546,datasets/food_intake_dataset/carrot/by/2_10.wav,chewing,carrot,male,,food_intake_dataset,chewing,0.9994211196899414
2051,658,datasets/food_intake_dataset/carrot/cy/1_25.wav,chewing,carrot,female,,food_intake_dataset,chewing,0.9720306396484375
2052,2239,datasets/food_intake_dataset/walnut/gy/5_36.wav,chewing,walnut,male,,food_intake_dataset,chewing,0.9866520166397095
2053,2269,datasets/food_intake_dataset/walnut/lh/2_6.wav,chewing,walnut,male,,food_intake_dataset,chewing,0.8506724834442139
2054,1504,datasets/food_intake_dataset/patato_chips/by/3_6.wav,chewing,patato_chips,male,,food_intake_dataset,chewing,0.8877971768379211
2055,959,datasets/food_intake_dataset/carrot/lh/3_23.wav,chewing,carrot,male,,food_intake_dataset,chewing,0.9776466488838196
2056,797,datasets/food_intake_dataset/carrot/gy/1_53.wav,swallow,carrot,male,,food_intake_dataset,swallow,0.6802616119384766
2057,225,datasets/food_intake_dataset/apple/by/2_13.wav,chewing,apple,male,,food_intake_dataset,chewing,0.9937196969985962
2058,2074,datasets/food_intake_dataset/walnut/cy/3_3.wav,chewing,walnut,female,,food_intake_dataset,chewing,0.8454396724700928
2059,1799,datasets/food_intake_dataset/patato_chips/lh/3_14.wav,chewing,patato_chips,male,,food_intake_dataset,chewing,0.9306765198707581
2060,2456,datasets/food_intake_dataset/water/wy/1_1.wav,biting,water,female,,food_intake_dataset,biting,0.43732956051826477
2061,2085,datasets/food_intake_dataset/walnut/cy/3_15.wav,chewing,walnut,female,,food_intake_dataset,chewing,0.9998573064804077
2062,1693,datasets/food_intake_dataset/patato_chips/cy/3_20.wav,swallow,patato_chips,female,,food_intake_dataset,chewing,0.8300174474716187
2063,1045,datasets/food_intake_dataset/cookie/by/3_16.wav,chewing,cookie,male,,food_intake_dataset,chewing,0.9917112588882446
2064,469,datasets/food_intake_dataset/apple/lh/2_30.wav,chewing,apple,male,,food_intake_dataset,chewing,0.8969656825065613
2065,954,datasets/food_intake_dataset/carrot/lh/3_18.wav,chewing,carrot,male,,food_intake_dataset,chewing,0.9755160808563232
2066,2466,datasets/food_intake_dataset/water/wy/1_11.wav,biting,water,female,,food_intake_dataset,biting,0.8114655613899231
2067,639,datasets/food_intake_dataset/carrot/cy/1_6.wav,chewing,carrot,female,,food_intake_dataset,chewing,0.7964608669281006
2068,2304,datasets/food_intake_dataset/walnut/lh/3_9.wav,chewing,walnut,male,,food_intake_dataset,chewing,0.999692440032959
2069,1218,datasets/food_intake_dataset/cookie/lh/1_13.wav,chewing,cookie,male,,food_intake_dataset,chewing,0.9999839067459106
2070,1158,datasets/food_intake_dataset/cookie/cy/3_22.wav,chewing,cookie,female,,food_intake_dataset,chewing,0.983674168586731
2071,1415,datasets/food_intake_dataset/patato_chips/by/1_6.wav,chewing,patato_chips,male,,food_intake_dataset,chewing,0.9997591376304626
2072,2248,datasets/food_intake_dataset/walnut/lh/1_7.wav,chewing,walnut,male,,food_intake_dataset,chewing,0.9996504783630371
2073,1527,datasets/food_intake_dataset/patato_chips/by/3_29.wav,other,patato_chips,male,,food_intake_dataset,biting,0.8985202312469482
2074,2423,datasets/food_intake_dataset/water/gy/2_6.wav,chewing,water,male,,food_intake_dataset,swallow,0.5895763039588928
2075,1300,datasets/food_intake_dataset/cookie/lh/4_24.wav,chewing,cookie,male,,food_intake_dataset,chewing,0.9874247908592224
2076,2378,datasets/food_intake_dataset/water/cy/1_7.wav,biting,water,female,,food_intake_dataset,biting,0.8253462314605713
2077,1603,datasets/food_intake_dataset/patato_chips/by/4_40.wav,chewing,patato_chips,male,,food_intake_dataset,chewing,0.9475541710853577
2078,1704,datasets/food_intake_dataset/patato_chips/cy/4_11.wav,chewing,patato_chips,female,,food_intake_dataset,chewing,0.9995392560958862
2079,956,datasets/food_intake_dataset/carrot/lh/3_20.wav,chewing,carrot,male,,food_intake_dataset,chewing,0.8601362109184265
2080,2418,datasets/food_intake_dataset/water/gy/2_1.wav,chewing,water,male,,food_intake_dataset,swallow,0.733938455581665
2081,877,datasets/food_intake_dataset/carrot/lh/1_28.wav,chewing,carrot,male,,food_intake_dataset,chewing,0.9995026588439941
2082,1919,datasets/food_intake_dataset/patato_chips/wy/3_3.wav,chewing,patato_chips,female,,food_intake_dataset,chewing,0.9916424751281738
2083,1884,datasets/food_intake_dataset/patato_chips/lh/4_44.wav,swallow,patato_chips,male,,food_intake_dataset,chewing,0.9866943359375
2084,2200,datasets/food_intake_dataset/walnut/gy/4_25.wav,chewing,walnut,male,,food_intake_dataset,chewing,0.9916478395462036
2085,2348,datasets/food_intake_dataset/water/by/2_12.wav,biting,water,male,,food_intake_dataset,biting,0.7974954843521118
2086,253,datasets/food_intake_dataset/apple/by/2_41.wav,chewing,apple,male,,food_intake_dataset,chewing,0.9824146628379822
2087,1445,datasets/food_intake_dataset/patato_chips/by/1_36.wav,chewing,patato_chips,male,,food_intake_dataset,chewing,0.8358017802238464
2088,1443,datasets/food_intake_dataset/patato_chips/by/1_34.wav,chewing,patato_chips,male,,food_intake_dataset,chewing,0.9999978542327881
2089,1648,datasets/food_intake_dataset/patato_chips/cy/1_18.wav,chewing,patato_chips,female,,food_intake_dataset,chewing,0.9912970066070557
2090,586,datasets/food_intake_dataset/carrot/by/4_12.wav,chewing,carrot,male,,food_intake_dataset,chewing,0.9929735660552979
2091,627,datasets/food_intake_dataset/carrot/by/4_54.wav,chewing,carrot,male,,food_intake_dataset,chewing,0.9926270842552185
2092,1696,datasets/food_intake_dataset/patato_chips/cy/4_3.wav,chewing,patato_chips,female,,food_intake_dataset,chewing,0.9875305891036987
2093,2101,datasets/food_intake_dataset/walnut/cy/4_8.wav,chewing,walnut,female,,food_intake_dataset,chewing,0.8415248990058899
2094,2199,datasets/food_intake_dataset/walnut/gy/4_24.wav,chewing,walnut,male,,food_intake_dataset,chewing,0.9991500377655029
2095,403,datasets/food_intake_dataset/apple/cy/3_23.wav,chewing,apple,female,,food_intake_dataset,chewing,0.9946991205215454
2096,1154,datasets/food_intake_dataset/cookie/cy/3_18.wav,chewing,cookie,female,,food_intake_dataset,chewing,0.9914177656173706
2097,2255,datasets/food_intake_dataset/walnut/lh/1_14.wav,chewing,walnut,male,,food_intake_dataset,chewing,0.861750602722168
2098,1682,datasets/food_intake_dataset/patato_chips/cy/3_9.wav,chewing,patato_chips,female,,food_intake_dataset,chewing,0.9957591891288757
2099,2056,datasets/food_intake_dataset/walnut/cy/2_3.wav,chewing,walnut,female,,food_intake_dataset,chewing,0.8605074882507324
2100,2361,datasets/food_intake_dataset/water/by/2_25.wav,swallow,water,male,,food_intake_dataset,biting,0.9373441934585571
2101,452,datasets/food_intake_dataset/apple/lh/2_13.wav,biting,apple,male,,food_intake_dataset,biting,0.9832972288131714
2102,1327,datasets/food_intake_dataset/cookie/wy/1_22.wav,chewing,cookie,female,,food_intake_dataset,chewing,0.984130322933197
2103,2049,datasets/food_intake_dataset/walnut/cy/1_13.wav,chewing,walnut,female,,food_intake_dataset,chewing,0.999919056892395
2104,880,datasets/food_intake_dataset/carrot/lh/1_31.wav,chewing,carrot,male,,food_intake_dataset,chewing,0.5937134027481079
2105,2420,datasets/food_intake_dataset/water/gy/2_3.wav,chewing,water,male,,food_intake_dataset,chewing,0.899483859539032
2106,623,datasets/food_intake_dataset/carrot/by/4_49.wav,chewing,carrot,male,,food_intake_dataset,chewing,0.999885082244873
2107,2299,datasets/food_intake_dataset/walnut/lh/3_4.wav,chewing,walnut,male,,food_intake_dataset,other,0.6981816291809082
2108,1787,datasets/food_intake_dataset/patato_chips/lh/3_2.wav,chewing,patato_chips,male,,food_intake_dataset,chewing,0.948225736618042
2109,262,datasets/food_intake_dataset/apple/by/3_4.wav,chewing,apple,male,,food_intake_dataset,chewing,0.9999979734420776
2110,1634,datasets/food_intake_dataset/patato_chips/cy/1_4.wav,chewing,patato_chips,female,,food_intake_dataset,chewing,0.9998518228530884
2111,1438,datasets/food_intake_dataset/patato_chips/by/1_29.wav,chewing,patato_chips,male,,food_intake_dataset,chewing,0.9993476271629333
2112,2198,datasets/food_intake_dataset/walnut/gy/4_23.wav,swallow,walnut,male,,food_intake_dataset,swallow,0.5385059118270874
2113,1969,datasets/food_intake_dataset/walnut/by/1_8.wav,swallow,walnut,male,,food_intake_dataset,swallow,0.8876981139183044
2114,1802,datasets/food_intake_dataset/patato_chips/lh/3_17.wav,swallow,patato_chips,male,,food_intake_dataset,swallow,0.9426171183586121
2115,640,datasets/food_intake_dataset/carrot/cy/1_7.wav,swallow,carrot,female,,food_intake_dataset,swallow,0.47160178422927856
2116,2351,datasets/food_intake_dataset/water/by/2_15.wav,chewing,water,male,,food_intake_dataset,chewing,0.9992063641548157
2117,1959,datasets/food_intake_dataset/patato_chips/wy/5_10.wav,chewing,patato_chips,female,,food_intake_dataset,chewing,0.9793046116828918
2118,488,datasets/food_intake_dataset/apple/lh/3_12.wav,chewing,apple,male,,food_intake_dataset,chewing,0.61808180809021
2119,1843,datasets/food_intake_dataset/patato_chips/lh/4_3.wav,chewing,patato_chips,male,,food_intake_dataset,chewing,0.9985016584396362
2120,1734,datasets/food_intake_dataset/patato_chips/lh/1_5.wav,chewing,patato_chips,male,,food_intake_dataset,chewing,0.9941237568855286
2121,1534,datasets/food_intake_dataset/patato_chips/by/3_36.wav,chewing,patato_chips,male,,food_intake_dataset,chewing,0.8112320303916931
2122,1986,datasets/food_intake_dataset/walnut/by/2_1.wav,chewing,walnut,male,,food_intake_dataset,chewing,0.7464808821678162
2123,1369,datasets/food_intake_dataset/cookie/wy/3_18.wav,chewing,cookie,female,,food_intake_dataset,chewing,0.9996182918548584
2124,2448,datasets/food_intake_dataset/water/lh/4_1.wav,swallow,water,male,,food_intake_dataset,chewing,0.75971519947052
2125,659,datasets/food_intake_dataset/carrot/cy/1_26.wav,swallow,carrot,female,,food_intake_dataset,chewing,0.8321250677108765
2126,1794,datasets/food_intake_dataset/patato_chips/lh/3_9.wav,swallow,patato_chips,male,,food_intake_dataset,chewing,0.43100106716156006
2127,186,datasets/food_intake_dataset/apple/by/1_10.wav,biting,apple,male,,food_intake_dataset,chewing,0.9141505360603333
2128,1147,datasets/food_intake_dataset/cookie/cy/3_11.wav,chewing,cookie,female,,food_intake_dataset,chewing,0.9987480640411377
2129,608,datasets/food_intake_dataset/carrot/by/4_34.wav,chewing,carrot,male,,food_intake_dataset,chewing,0.971569299697876
2130,2191,datasets/food_intake_dataset/walnut/gy/4_16.wav,swallow,walnut,male,,food_intake_dataset,swallow,0.9475308656692505
2131,1930,datasets/food_intake_dataset/patato_chips/wy/3_14.wav,chewing,patato_chips,female,,food_intake_dataset,chewing,0.9999881982803345
2132,197,datasets/food_intake_dataset/apple/by/1_21.wav,chewing,apple,male,,food_intake_dataset,chewing,0.9772205948829651
2133,293,datasets/food_intake_dataset/apple/by/3_35.wav,chewing,apple,male,,food_intake_dataset,chewing,0.8907712697982788
2134,766,datasets/food_intake_dataset/carrot/gy/1_22.wav,chewing,carrot,male,,food_intake_dataset,chewing,0.999962568283081
2135,400,datasets/food_intake_dataset/apple/cy/3_20.wav,chewing,apple,female,,food_intake_dataset,chewing,0.9990676045417786
2136,202,datasets/food_intake_dataset/apple/by/1_26.wav,chewing,apple,male,,food_intake_dataset,chewing,0.9930435419082642
2137,835,datasets/food_intake_dataset/carrot/gy/4_6.wav,chewing,carrot,male,,food_intake_dataset,chewing,0.697165846824646
2138,2294,datasets/food_intake_dataset/walnut/lh/2_31.wav,chewing,walnut,male,,food_intake_dataset,chewing,0.6526616811752319
2139,1439,datasets/food_intake_dataset/patato_chips/by/1_30.wav,chewing,patato_chips,male,,food_intake_dataset,chewing,0.9970159530639648
2140,1733,datasets/food_intake_dataset/patato_chips/lh/1_4.wav,chewing,patato_chips,male,,food_intake_dataset,chewing,0.8483991026878357
2141,1695,datasets/food_intake_dataset/patato_chips/cy/4_2.wav,chewing,patato_chips,female,,food_intake_dataset,chewing,0.7938203811645508
2142,1707,datasets/food_intake_dataset/patato_chips/cy/4_14.wav,chewing,patato_chips,female,,food_intake_dataset,chewing,0.9770144820213318
2143,2416,datasets/food_intake_dataset/water/gy/1_10.wav,chewing,water,male,,food_intake_dataset,swallow,0.9462183713912964
2144,1153,datasets/food_intake_dataset/cookie/cy/3_17.wav,chewing,cookie,female,,food_intake_dataset,chewing,1.0
2145,1661,datasets/food_intake_dataset/patato_chips/cy/2_11.wav,chewing,patato_chips,female,,food_intake_dataset,chewing,0.9915866851806641
2146,1759,datasets/food_intake_dataset/patato_chips/lh/2_17.wav,chewing,patato_chips,male,,food_intake_dataset,chewing,0.9918254613876343
2147,854,datasets/food_intake_dataset/carrot/lh/1_5.wav,chewing,carrot,male,,food_intake_dataset,chewing,0.9974736571311951
2148,1589,datasets/food_intake_dataset/patato_chips/by/4_26.wav,chewing,patato_chips,male,,food_intake_dataset,chewing,0.6883814930915833
2149,2267,datasets/food_intake_dataset/walnut/lh/2_4.wav,chewing,walnut,male,,food_intake_dataset,chewing,0.9791485071182251
2150,641,datasets/food_intake_dataset/carrot/cy/1_8.wav,biting,carrot,female,,food_intake_dataset,chewing,0.9920758008956909
2151,2160,datasets/food_intake_dataset/walnut/gy/3_16.wav,chewing,walnut,male,,food_intake_dataset,chewing,0.9909783601760864
2152,698,datasets/food_intake_dataset/carrot/cy/2_29.wav,chewing,carrot,female,,food_intake_dataset,chewing,0.9999880790710449
2153,1636,datasets/food_intake_dataset/patato_chips/cy/1_6.wav,chewing,patato_chips,female,,food_intake_dataset,chewing,0.9264726042747498
2154,1291,datasets/food_intake_dataset/cookie/lh/4_15.wav,chewing,cookie,male,,food_intake_dataset,chewing,0.9966219663619995
2155,2370,datasets/food_intake_dataset/water/by/4_4.wav,chewing,water,male,,food_intake_dataset,chewing,0.9935279488563538
2156,1520,datasets/food_intake_dataset/patato_chips/by/3_22.wav,chewing,patato_chips,male,,food_intake_dataset,chewing,0.6859562397003174
2157,1853,datasets/food_intake_dataset/patato_chips/lh/4_13.wav,chewing,patato_chips,male,,food_intake_dataset,chewing,0.9992648959159851
2158,1136,datasets/food_intake_dataset/cookie/cy/2_24.wav,chewing,cookie,female,,food_intake_dataset,chewing,0.9758895635604858
2159,2403,datasets/food_intake_dataset/water/cy/2_16.wav,chewing,water,female,,food_intake_dataset,chewing,0.9998692274093628
2160,1631,datasets/food_intake_dataset/patato_chips/cy/1_1.wav,chewing,patato_chips,female,,food_intake_dataset,chewing,0.9869973659515381
2161,1998,datasets/food_intake_dataset/walnut/by/3_4.wav,chewing,walnut,male,,food_intake_dataset,chewing,0.6283745169639587
2162,663,datasets/food_intake_dataset/carrot/cy/1_31.wav,chewing,carrot,female,,food_intake_dataset,chewing,0.9982226490974426
2163,683,datasets/food_intake_dataset/carrot/cy/2_14.wav,chewing,carrot,female,,food_intake_dataset,chewing,0.8564280867576599
2164,1257,datasets/food_intake_dataset/cookie/lh/3_12.wav,chewing,cookie,male,,food_intake_dataset,chewing,0.9996956586837769
2165,317,datasets/food_intake_dataset/apple/cy/1_12.wav,swallow,apple,female,,food_intake_dataset,chewing,0.6770985126495361
2166,648,datasets/food_intake_dataset/carrot/cy/1_15.wav,swallow,carrot,female,,food_intake_dataset,chewing,0.9189515709877014
2167,1434,datasets/food_intake_dataset/patato_chips/by/1_25.wav,chewing,patato_chips,male,,food_intake_dataset,chewing,0.978748619556427
2168,1479,datasets/food_intake_dataset/patato_chips/by/2_24.wav,chewing,patato_chips,male,,food_intake_dataset,chewing,0.9926060438156128
2169,709,datasets/food_intake_dataset/carrot/cy/2_40.wav,chewing,carrot,female,,food_intake_dataset,chewing,0.999962568283081
2170,1282,datasets/food_intake_dataset/cookie/lh/4_6.wav,chewing,cookie,male,,food_intake_dataset,chewing,0.988024890422821
2171,1768,datasets/food_intake_dataset/patato_chips/lh/2_26.wav,chewing,patato_chips,male,,food_intake_dataset,chewing,0.9965754151344299
2172,972,datasets/food_intake_dataset/carrot/lh/3_47.wav,chewing,carrot,male,,food_intake_dataset,chewing,0.9994171857833862
2173,1306,datasets/food_intake_dataset/cookie/wy/1_1.wav,chewing,cookie,female,,food_intake_dataset,biting,0.6525586843490601
2174,1400,datasets/food_intake_dataset/cookie/wy/5_10.wav,chewing,cookie,female,,food_intake_dataset,chewing,0.9921770691871643
2175,1408,datasets/food_intake_dataset/cookie/wy/5_18.wav,chewing,cookie,female,,food_intake_dataset,chewing,0.973597526550293
2176,2237,datasets/food_intake_dataset/walnut/gy/5_34.wav,chewing,walnut,male,,food_intake_dataset,chewing,0.9477889537811279
2177,1496,datasets/food_intake_dataset/patato_chips/by/2_41.wav,other,patato_chips,male,,food_intake_dataset,chewing,0.7429143786430359
2178,2038,datasets/food_intake_dataset/walnut/cy/1_2.wav,chewing,walnut,female,,food_intake_dataset,chewing,0.9940499067306519
2179,1529,datasets/food_intake_dataset/patato_chips/by/3_31.wav,chewing,patato_chips,male,,food_intake_dataset,chewing,0.998172402381897
2180,1663,datasets/food_intake_dataset/patato_chips/cy/2_13.wav,chewing,patato_chips,female,,food_intake_dataset,chewing,0.9847362637519836
2181,1354,datasets/food_intake_dataset/cookie/wy/3_3.wav,chewing,cookie,female,,food_intake_dataset,chewing,0.980252742767334
2182,2426,datasets/food_intake_dataset/water/gy/2_9.wav,chewing,water,male,,food_intake_dataset,swallow,0.9590194225311279
2183,2442,datasets/food_intake_dataset/water/lh/2_5.wav,chewing,water,male,,food_intake_dataset,chewing,0.9764117002487183
2184,1643,datasets/food_intake_dataset/patato_chips/cy/1_13.wav,chewing,patato_chips,female,,food_intake_dataset,chewing,0.9899824261665344
2185,1051,datasets/food_intake_dataset/cookie/by/3_22.wav,swallow,cookie,male,,food_intake_dataset,chewing,0.6966350674629211
2186,795,datasets/food_intake_dataset/carrot/gy/1_51.wav,chewing,carrot,male,,food_intake_dataset,chewing,0.95152747631073
2187,1597,datasets/food_intake_dataset/patato_chips/by/4_34.wav,chewing,patato_chips,male,,food_intake_dataset,chewing,0.986156702041626
2188,1819,datasets/food_intake_dataset/patato_chips/lh/3_34.wav,chewing,patato_chips,male,,food_intake_dataset,chewing,0.9991055130958557
2189,1722,datasets/food_intake_dataset/patato_chips/cy/5_11.wav,chewing,patato_chips,female,,food_intake_dataset,chewing,0.9837337732315063
2190,1183,datasets/food_intake_dataset/cookie/cy/4_15.wav,chewing,cookie,female,,food_intake_dataset,chewing,0.9966475367546082
2191,1059,datasets/food_intake_dataset/cookie/by/4_8.wav,chewing,cookie,male,,food_intake_dataset,chewing,0.9701794385910034
2192,540,datasets/food_intake_dataset/carrot/by/2_4.wav,chewing,carrot,male,,food_intake_dataset,chewing,0.9993991851806641
2193,1678,datasets/food_intake_dataset/patato_chips/cy/3_5.wav,chewing,patato_chips,female,,food_intake_dataset,chewing,0.4285198152065277
2194,2394,datasets/food_intake_dataset/water/cy/2_7.wav,biting,water,female,,food_intake_dataset,biting,0.9647825956344604
2195,1757,datasets/food_intake_dataset/patato_chips/lh/2_15.wav,chewing,patato_chips,male,,food_intake_dataset,biting,0.3860336244106293
2196,1923,datasets/food_intake_dataset/patato_chips/wy/3_7.wav,chewing,patato_chips,female,,food_intake_dataset,chewing,0.9990934133529663
2197,1020,datasets/food_intake_dataset/cookie/by/2_15.wav,chewing,cookie,male,,food_intake_dataset,chewing,0.9999468326568604
2198,563,datasets/food_intake_dataset/carrot/by/3_3.wav,chewing,carrot,male,,food_intake_dataset,chewing,0.9999853372573853
2199,863,datasets/food_intake_dataset/carrot/lh/1_14.wav,chewing,carrot,male,,food_intake_dataset,chewing,0.9881144165992737
2200,1484,datasets/food_intake_dataset/patato_chips/by/2_29.wav,chewing,patato_chips,male,,food_intake_dataset,chewing,0.9533132910728455
2201,1881,datasets/food_intake_dataset/patato_chips/lh/4_41.wav,chewing,patato_chips,male,,food_intake_dataset,chewing,0.9988492727279663
2202,1038,datasets/food_intake_dataset/cookie/by/3_9.wav,swallow,cookie,male,,food_intake_dataset,swallow,0.6240763068199158
2203,206,datasets/food_intake_dataset/apple/by/1_30.wav,chewing,apple,male,,food_intake_dataset,chewing,0.6250719428062439
2204,392,datasets/food_intake_dataset/apple/cy/3_12.wav,chewing,apple,female,,food_intake_dataset,chewing,0.9999959468841553
2205,870,datasets/food_intake_dataset/carrot/lh/1_21.wav,chewing,carrot,male,,food_intake_dataset,chewing,0.9840834736824036
2206,397,datasets/food_intake_dataset/apple/cy/3_17.wav,chewing,apple,female,,food_intake_dataset,chewing,0.9974483251571655
2207,2388,datasets/food_intake_dataset/water/cy/2_1.wav,biting,water,female,,food_intake_dataset,biting,0.8627588748931885
2208,1028,datasets/food_intake_dataset/cookie/by/2_23.wav,chewing,cookie,male,,food_intake_dataset,chewing,0.9832690954208374
2209,1485,datasets/food_intake_dataset/patato_chips/by/2_30.wav,chewing,patato_chips,male,,food_intake_dataset,chewing,0.7893986701965332
2210,960,datasets/food_intake_dataset/carrot/lh/3_24.wav,chewing,carrot,male,,food_intake_dataset,chewing,0.9350798726081848
2211,1570,datasets/food_intake_dataset/patato_chips/by/4_5.wav,chewing,patato_chips,male,,food_intake_dataset,chewing,0.9580013155937195
2212,1895,datasets/food_intake_dataset/patato_chips/wy/1_11.wav,chewing,patato_chips,female,,food_intake_dataset,chewing,0.9874978065490723
2213,2146,datasets/food_intake_dataset/walnut/gy/3_2.wav,chewing,walnut,male,,food_intake_dataset,chewing,0.7033765912055969
2214,804,datasets/food_intake_dataset/carrot/gy/2_7.wav,chewing,carrot,male,,food_intake_dataset,chewing,0.7424499988555908
2215,1751,datasets/food_intake_dataset/patato_chips/lh/2_9.wav,chewing,patato_chips,male,,food_intake_dataset,chewing,0.7879499197006226
2216,502,datasets/food_intake_dataset/apple/lh/3_26.wav,other,apple,male,,food_intake_dataset,chewing,0.8506998419761658
2217,779,datasets/food_intake_dataset/carrot/gy/1_35.wav,chewing,carrot,male,,food_intake_dataset,other,0.5314435362815857
2218,1863,datasets/food_intake_dataset/patato_chips/lh/4_23.wav,chewing,patato_chips,male,,food_intake_dataset,chewing,0.9755122065544128
2219,200,datasets/food_intake_dataset/apple/by/1_24.wav,chewing,apple,male,,food_intake_dataset,chewing,0.9997331500053406
2220,2182,datasets/food_intake_dataset/walnut/gy/4_7.wav,swallow,walnut,male,,food_intake_dataset,swallow,0.8301312327384949
2221,2088,datasets/food_intake_dataset/walnut/cy/3_18.wav,chewing,walnut,female,,food_intake_dataset,chewing,0.9988943934440613
2222,2278,datasets/food_intake_dataset/walnut/lh/2_15.wav,chewing,walnut,male,,food_intake_dataset,chewing,0.9541206955909729
2223,1796,datasets/food_intake_dataset/patato_chips/lh/3_11.wav,chewing,patato_chips,male,,food_intake_dataset,chewing,0.9975796341896057
2224,378,datasets/food_intake_dataset/apple/cy/2_29.wav,chewing,apple,female,,food_intake_dataset,chewing,0.9816022515296936
2225,2336,datasets/food_intake_dataset/water/by/1_23.wav,chewing,water,male,,food_intake_dataset,chewing,0.9948187470436096
2226,418,datasets/food_intake_dataset/apple/lh/1_11.wav,chewing,apple,male,,food_intake_dataset,chewing,0.9808295965194702
2227,1698,datasets/food_intake_dataset/patato_chips/cy/4_5.wav,chewing,patato_chips,female,,food_intake_dataset,chewing,0.935614287853241
2228,391,datasets/food_intake_dataset/apple/cy/3_11.wav,chewing,apple,female,,food_intake_dataset,chewing,0.8988712430000305
2229,1522,datasets/food_intake_dataset/patato_chips/by/3_24.wav,chewing,patato_chips,male,,food_intake_dataset,chewing,0.8931934833526611
2230,1162,datasets/food_intake_dataset/cookie/cy/3_26.wav,chewing,cookie,female,,food_intake_dataset,chewing,1.0
2231,1495,datasets/food_intake_dataset/patato_chips/by/2_40.wav,chewing,patato_chips,male,,food_intake_dataset,chewing,0.7493782639503479
2232,2027,datasets/food_intake_dataset/walnut/by/4_11.wav,chewing,walnut,male,,food_intake_dataset,chewing,0.9713358879089355
2233,1152,datasets/food_intake_dataset/cookie/cy/3_16.wav,chewing,cookie,female,,food_intake_dataset,chewing,0.9887472987174988
2234,1367,datasets/food_intake_dataset/cookie/wy/3_16.wav,chewing,cookie,female,,food_intake_dataset,chewing,0.9977032542228699
2235,2062,datasets/food_intake_dataset/walnut/cy/2_9.wav,chewing,walnut,female,,food_intake_dataset,chewing,0.9998955726623535
2236,1180,datasets/food_intake_dataset/cookie/cy/4_12.wav,chewing,cookie,female,,food_intake_dataset,chewing,0.9999595880508423
2237,492,datasets/food_intake_dataset/apple/lh/3_16.wav,chewing,apple,male,,food_intake_dataset,chewing,0.9156620502471924
2238,379,datasets/food_intake_dataset/apple/cy/2_30.wav,chewing,apple,female,,food_intake_dataset,chewing,0.9971420168876648
2239,2235,datasets/food_intake_dataset/walnut/gy/5_32.wav,chewing,walnut,male,,food_intake_dataset,chewing,0.9768595099449158
2240,763,datasets/food_intake_dataset/carrot/gy/1_19.wav,chewing,carrot,male,,food_intake_dataset,chewing,0.9056125283241272
2241,2264,datasets/food_intake_dataset/walnut/lh/2_1.wav,chewing,walnut,male,,food_intake_dataset,chewing,0.9867874383926392
2242,791,datasets/food_intake_dataset/carrot/gy/1_47.wav,chewing,carrot,male,,food_intake_dataset,chewing,0.9982309937477112
2243,1076,datasets/food_intake_dataset/cookie/by/4_25.wav,chewing,cookie,male,,food_intake_dataset,chewing,0.9923104047775269
2244,878,datasets/food_intake_dataset/carrot/lh/1_29.wav,chewing,carrot,male,,food_intake_dataset,chewing,0.9687625765800476
2245,337,datasets/food_intake_dataset/apple/cy/1_32.wav,chewing,apple,female,,food_intake_dataset,biting,0.6901969909667969
2246,2343,datasets/food_intake_dataset/water/by/2_7.wav,swallow,water,male,,food_intake_dataset,chewing,0.9446523189544678
2247,1016,datasets/food_intake_dataset/cookie/by/2_11.wav,chewing,cookie,male,,food_intake_dataset,chewing,0.9962459206581116
2248,1275,datasets/food_intake_dataset/cookie/lh/3_30.wav,chewing,cookie,male,,food_intake_dataset,chewing,0.9896003007888794
2249,455,datasets/food_intake_dataset/apple/lh/2_16.wav,other,apple,male,,food_intake_dataset,chewing,0.5030831694602966
2250,815,datasets/food_intake_dataset/carrot/gy/2_18.wav,swallow,carrot,male,,food_intake_dataset,chewing,0.7407888174057007
2251,2317,datasets/food_intake_dataset/water/by/1_4.wav,biting,water,male,,food_intake_dataset,chewing,0.533478319644928
2252,995,datasets/food_intake_dataset/cookie/by/1_14.wav,chewing,cookie,male,,food_intake_dataset,biting,0.7154573798179626
2253,1981,datasets/food_intake_dataset/walnut/by/1_20.wav,chewing,walnut,male,,food_intake_dataset,chewing,0.7361790537834167
2254,201,datasets/food_intake_dataset/apple/by/1_25.wav,chewing,apple,male,,food_intake_dataset,chewing,0.8823654651641846
2255,1579,datasets/food_intake_dataset/patato_chips/by/4_14.wav,chewing,patato_chips,male,,food_intake_dataset,chewing,0.9892072677612305
2256,702,datasets/food_intake_dataset/carrot/cy/2_33.wav,chewing,carrot,female,,food_intake_dataset,chewing,0.9990468621253967
2257,1500,datasets/food_intake_dataset/patato_chips/by/3_2.wav,chewing,patato_chips,male,,food_intake_dataset,chewing,0.999140739440918
2258,1129,datasets/food_intake_dataset/cookie/cy/2_17.wav,chewing,cookie,female,,food_intake_dataset,chewing,0.991946280002594
2259,1021,datasets/food_intake_dataset/cookie/by/2_16.wav,chewing,cookie,male,,food_intake_dataset,chewing,0.9979727864265442
2260,1585,datasets/food_intake_dataset/patato_chips/by/4_21.wav,chewing,patato_chips,male,,food_intake_dataset,chewing,0.9458680748939514
2261,1955,datasets/food_intake_dataset/patato_chips/wy/5_6.wav,chewing,patato_chips,female,,food_intake_dataset,chewing,0.6699727177619934
2262,2253,datasets/food_intake_dataset/walnut/lh/1_12.wav,chewing,walnut,male,,food_intake_dataset,chewing,0.7740259766578674
2263,775,datasets/food_intake_dataset/carrot/gy/1_31.wav,chewing,carrot,male,,food_intake_dataset,chewing,0.9998195767402649
2264,1478,datasets/food_intake_dataset/patato_chips/by/2_23.wav,swallow,patato_chips,male,,food_intake_dataset,swallow,0.9805810451507568
2265,1390,datasets/food_intake_dataset/cookie/wy/4_20.wav,swallow,cookie,female,,food_intake_dataset,chewing,0.9993026256561279
2266,2139,datasets/food_intake_dataset/walnut/gy/2_12.wav,chewing,walnut,male,,food_intake_dataset,chewing,0.8823066353797913
2267,1363,datasets/food_intake_dataset/cookie/wy/3_12.wav,chewing,cookie,female,,food_intake_dataset,chewing,0.997776210308075
2268,2041,datasets/food_intake_dataset/walnut/cy/1_5.wav,chewing,walnut,female,,food_intake_dataset,chewing,0.9968193769454956
2269,241,datasets/food_intake_dataset/apple/by/2_29.wav,chewing,apple,male,,food_intake_dataset,biting,0.6168939471244812
2270,2061,datasets/food_intake_dataset/walnut/cy/2_8.wav,chewing,walnut,female,,food_intake_dataset,chewing,0.9922013282775879
2271,2363,datasets/food_intake_dataset/water/by/3_1.wav,chewing,water,male,,food_intake_dataset,chewing,0.8344604969024658
2272,600,datasets/food_intake_dataset/carrot/by/4_26.wav,chewing,carrot,male,,food_intake_dataset,chewing,0.9462065100669861
2273,2435,datasets/food_intake_dataset/water/lh/1_7.wav,chewing,water,male,,food_intake_dataset,chewing,0.9816606044769287
2274,1297,datasets/food_intake_dataset/cookie/lh/4_21.wav,chewing,cookie,male,,food_intake_dataset,chewing,0.9982059001922607
2275,2214,datasets/food_intake_dataset/walnut/gy/5_10.wav,swallow,walnut,male,,food_intake_dataset,chewing,0.6443279385566711
2276,2068,datasets/food_intake_dataset/walnut/cy/2_15.wav,chewing,walnut,female,,food_intake_dataset,chewing,0.6821666359901428
2277,646,datasets/food_intake_dataset/carrot/cy/1_13.wav,chewing,carrot,female,,food_intake_dataset,chewing,0.5339535474777222
2278,1528,datasets/food_intake_dataset/patato_chips/by/3_30.wav,chewing,patato_chips,male,,food_intake_dataset,chewing,0.9964422583580017
2279,1267,datasets/food_intake_dataset/cookie/lh/3_22.wav,chewing,cookie,male,,food_intake_dataset,chewing,0.9990598559379578
2280,1899,datasets/food_intake_dataset/patato_chips/wy/1_15.wav,chewing,patato_chips,female,,food_intake_dataset,chewing,0.9056959748268127
2281,562,datasets/food_intake_dataset/carrot/by/3_2.wav,chewing,carrot,male,,food_intake_dataset,chewing,0.9999610185623169
2282,189,datasets/food_intake_dataset/apple/by/1_13.wav,chewing,apple,male,,food_intake_dataset,chewing,0.9911549091339111
2283,1806,datasets/food_intake_dataset/patato_chips/lh/3_21.wav,chewing,patato_chips,male,,food_intake_dataset,chewing,0.9787780046463013
2284,975,datasets/food_intake_dataset/carrot/lh/3_50.wav,chewing,carrot,male,,food_intake_dataset,chewing,0.9623063206672668
2285,2047,datasets/food_intake_dataset/walnut/cy/1_11.wav,chewing,walnut,female,,food_intake_dataset,chewing,0.7342357039451599
2286,1082,datasets/food_intake_dataset/cookie/by/4_31.wav,chewing,cookie,male,,food_intake_dataset,chewing,0.9949041604995728
2287,474,datasets/food_intake_dataset/apple/lh/2_35.wav,chewing,apple,male,,food_intake_dataset,chewing,0.8836325407028198
2288,747,datasets/food_intake_dataset/carrot/gy/1_3.wav,chewing,carrot,male,,food_intake_dataset,chewing,0.9972291588783264
2289,2300,datasets/food_intake_dataset/walnut/lh/3_5.wav,chewing,walnut,male,,food_intake_dataset,chewing,0.8071070909500122
2290,459,datasets/food_intake_dataset/apple/lh/2_20.wav,chewing,apple,male,,food_intake_dataset,chewing,0.9692571759223938
2291,1184,datasets/food_intake_dataset/cookie/cy/4_16.wav,chewing,cookie,female,,food_intake_dataset,chewing,0.9989472031593323
2292,2324,datasets/food_intake_dataset/water/by/1_11.wav,chewing,water,male,,food_intake_dataset,chewing,0.8733662962913513
2293,955,datasets/food_intake_dataset/carrot/lh/3_19.wav,chewing,carrot,male,,food_intake_dataset,chewing,0.9382490515708923
2294,1215,datasets/food_intake_dataset/cookie/lh/1_10.wav,chewing,cookie,male,,food_intake_dataset,other,0.5836693644523621
2295,2433,datasets/food_intake_dataset/water/lh/1_5.wav,chewing,water,male,,food_intake_dataset,chewing,0.9970040917396545
2296,1515,datasets/food_intake_dataset/patato_chips/by/3_17.wav,chewing,patato_chips,male,,food_intake_dataset,chewing,0.9675250053405762
2297,2391,datasets/food_intake_dataset/water/cy/2_4.wav,chewing,water,female,,food_intake_dataset,biting,0.9704304933547974
2298,769,datasets/food_intake_dataset/carrot/gy/1_25.wav,chewing,carrot,male,,food_intake_dataset,chewing,0.9938148260116577
2299,1685,datasets/food_intake_dataset/patato_chips/cy/3_12.wav,swallow,patato_chips,female,,food_intake_dataset,chewing,0.7393857836723328
2300,2135,datasets/food_intake_dataset/walnut/gy/2_8.wav,chewing,walnut,male,,food_intake_dataset,chewing,0.99973064661026
2301,1482,datasets/food_intake_dataset/patato_chips/by/2_27.wav,chewing,patato_chips,male,,food_intake_dataset,chewing,0.9656158685684204
2302,330,datasets/food_intake_dataset/apple/cy/1_25.wav,biting,apple,female,,food_intake_dataset,biting,0.8714362382888794
2303,1238,datasets/food_intake_dataset/cookie/lh/2_13.wav,chewing,cookie,male,,food_intake_dataset,chewing,0.9999754428863525
2304,466,datasets/food_intake_dataset/apple/lh/2_27.wav,chewing,apple,male,,food_intake_dataset,chewing,0.9993785619735718
2305,2169,datasets/food_intake_dataset/walnut/gy/3_25.wav,chewing,walnut,male,,food_intake_dataset,chewing,0.9998811483383179
2306,1638,datasets/food_intake_dataset/patato_chips/cy/1_8.wav,swallow,patato_chips,female,,food_intake_dataset,chewing,0.9991577863693237
2307,1095,datasets/food_intake_dataset/cookie/by/4_44.wav,chewing,cookie,male,,food_intake_dataset,chewing,0.7916644811630249
2308,1130,datasets/food_intake_dataset/cookie/cy/2_18.wav,chewing,cookie,female,,food_intake_dataset,chewing,0.9999749660491943
2309,1294,datasets/food_intake_dataset/cookie/lh/4_18.wav,chewing,cookie,male,,food_intake_dataset,chewing,0.9998830556869507
2310,860,datasets/food_intake_dataset/carrot/lh/1_11.wav,chewing,carrot,male,,food_intake_dataset,chewing,0.9868598580360413
94,79,datasets/eating_foods_sound/pickles/pickles_3_16.wav,biting,pickles,na,,eating_sound_collection,chewing,0.8449432849884033
95,57,datasets/eating_foods_sound/chocolate/chocolate_9_27.wav,chewing,chocolate,na,"biting,swallow",eating_sound_collection,chewing,0.8319243788719177
96,38,datasets/eating_foods_sound/candied_fruits/candied_fruits_11_07.wav,chewing,candied_fruits,na,,eating_sound_collection,chewing,0.7674381136894226
97,90,datasets/eating_foods_sound/ribs/ribs_2_35.wav,chewing,ribs,na,,eating_sound_collection,chewing,0.7671048045158386
98,28,datasets/eating_foods_sound/cabbage/cabbage_7_34.wav,chewing,cabbage,na,biting,eating_sound_collection,chewing,0.8768227696418762
99,108,datasets/eating_foods_sound/salmon/salmon_13_17.wav,chewing,salmon,na,swallow,eating_sound_collection,chewing,0.7986577153205872
100,75,datasets/eating_foods_sound/grapes/grapes_7_39.wav,chewing,grapes,na,swallow,eating_sound_collection,chewing,0.9389896988868713
101,36,datasets/eating_foods_sound/candied_fruits/candied_fruits_8_04.wav,chewing,candied_fruits,na,,eating_sound_collection,chewing,0.6958724856376648
102,114,datasets/eating_foods_sound/wings/wings_8_07.wav,biting,wings,na,,eating_sound_collection,biting,0.5684975981712341
103,89,datasets/eating_foods_sound/ribs/ribs_2_12.wav,swallow,ribs,na,chewing,eating_sound_collection,chewing,0.795974612236023
104,11,datasets/eating_foods_sound/burger/burger_4_34.wav,chewing,burger,na,,eating_sound_collection,chewing,0.8967912793159485
105,116,datasets/eating_foods_sound/wings/wings_10_28.wav,chewing,wings,na,,eating_sound_collection,chewing,0.9755983352661133
106,46,datasets/eating_foods_sound/carrots/carrots_6_43.wav,biting,carrots,na,chewing,eating_sound_collection,biting,0.6553922295570374
107,4,datasets/eating_foods_sound/aloe/aloe_7_13.wav,chewing,aloe,na,,eating_sound_collection,chewing,0.9101611971855164
108,50,datasets/eating_foods_sound/chocolate/chocolate_2_05.wav,chewing,chocolate,na,,eating_sound_collection,chewing,0.8158328533172607
109,19,datasets/eating_foods_sound/burger/burger_12_37.wav,chewing,burger,na,,eating_sound_collection,chewing,0.9331076741218567
110,35,datasets/eating_foods_sound/candied_fruits/candied_fruits_7_15.wav,chewing,candied_fruits,na,biting,eating_sound_collection,chewing,0.7587708830833435
111,16,datasets/eating_foods_sound/burger/burger_9_83.wav,chewing,burger,na,swallow,eating_sound_collection,chewing,0.9689130783081055
112,98,datasets/eating_foods_sound/ribs/ribs_12_21.wav,chewing,ribs,na,,eating_sound_collection,chewing,0.9099739789962769
113,103,datasets/eating_foods_sound/salmon/salmon_8_34.wav,chewing,salmon,na,biting,eating_sound_collection,chewing,0.943014919757843
114,1,datasets/eating_foods_sound/aloe/aloe_3_38.wav,chewing,aloe,na,,eating_sound_collection,chewing,0.8278263807296753
115,95,datasets/eating_foods_sound/ribs/ribs_10_32.wav,chewing,ribs,na,biting,eating_sound_collection,chewing,0.8301924467086792
116,64,datasets/eating_foods_sound/fries/fries_7_37.wav,chewing,fries,na,biting,eating_sound_collection,chewing,0.961950421333313
117,34,datasets/eating_foods_sound/candied_fruits/candied_fruits_6_15.wav,chewing,candied_fruits,na,swallow,eating_sound_collection,chewing,0.7961782217025757
118,21,datasets/eating_foods_sound/cabbage/cabbage_2_38.wav,chewing,cabbage,na,,eating_sound_collection,chewing,1.0
45,166,datasets/manual/dy4SvAGhO5I_150-152.wav,chewing,pickle,female,,youtube_video,chewing,0.7908580899238586
46,169,datasets/manual/dy4SvAGhO5I_226-228.wav,chewing,grape,female,,youtube_video,chewing,0.6733278036117554
47,143,datasets/manual/SQ8OvQId44M_51-53.wav,biting,chocolate,female,,youtube_video,biting,0.7714979648590088
48,176,datasets/manual/DLASMNM0XSE_520-521.wav,swallow,donut,female,,youtube_video,swallow,0.5518094897270203
49,153,datasets/manual/s8WxySamgys_50-52.wav,chewing,apricot,female,,youtube_video,chewing,0.7424156665802002
50,119,datasets/manual/JIUlGdVDVLY_469-470.wav,swallow,apple,female,,youtube_video,chewing,0.6200603246688843
51,154,datasets/manual/s8WxySamgys_88-90.wav,chewing,kiwi,female,,youtube_video,chewing,0.8371235728263855
52,127,datasets/manual/O7bgwuuTEXA_47-49.wav,swallow,cookie,female,,youtube_video,chewing,0.7197210788726807
53,160,datasets/manual/zLhdmVluSTc_220-222.wav,chewing,carrot,female,,youtube_video,chewing,0.9935908317565918
54,146,datasets/manual/97bvyvRRick_69-69.wav,biting,chips,female,,youtube_video,chewing,0.895117998123169
55,122,datasets/manual/O7bgwuuTEXA_116-117.wav,swallow,cookie,female,,youtube_video,chewing,0.9989527463912964
56,161,datasets/manual/zLhdmVluSTc_712-714.wav,chewing,carrot,female,,youtube_video,chewing,0.9208772778511047
57,130,datasets/manual/s8WxySamgys_490-492.wav,swallow,peach,female,,youtube_video,chewing,0.4504883885383606
